referenceCode,questionReferenceCode,key,value,label,index,jumpToQuestionReferenceCode,backToQuestionReferenceCode,childQuestionnaireReferenceCode,metadata
INSURANCE_SERVICE_PREAUTHORIZATION__requested_hospital_department__emergency,INSURANCE_SERVICE_PREAUTHORIZATION__requested_hospital_department,emergency,Emergency,Emergency,1,,,,
INSURANCE_SERVICE_PREAUTHORIZATION__requested_hospital_department__outpatient,INSURANCE_SERVICE_PREAUTHORIZATION__requested_hospital_department,outpatient,Outpatient,Outpatient,2,,,,
INSURANCE_SERVICE_PREAUTHORIZATION__requested_hospital_department__pediatrics,INSURANCE_SERVICE_PREAUTHORIZATION__requested_hospital_department,pediatrics,Pediatrics,Pediatrics,3,,,,
INSURANCE_SERVICE_PREAUTHORIZATION__requested_hospital_department__obstetrics_and_gynecology,INSURANCE_SERVICE_PREAUTHORIZATION__requested_hospital_department,obstetrics_and_gynecology,Obstetrics and Gynecology,Obstetrics and Gynecology,4,,,,
INSURANCE_SERVICE_PREAUTHORIZATION__requested_hospital_department__internal_medicine,INSURANCE_SERVICE_PREAUTHORIZATION__requested_hospital_department,internal_medicine,Internal Medicine,Internal Medicine,5,,,,
INSURANCE_SERVICE_PREAUTHORIZATION__requested_hospital_department__surgery,INSURANCE_SERVICE_PREAUTHORIZATION__requested_hospital_department,surgery,Surgery,Surgery,6,,,,
INSURANCE_SERVICE_PREAUTHORIZATION__requested_hospital_department__cardiology,INSURANCE_SERVICE_PREAUTHORIZATION__requested_hospital_department,cardiology,Cardiology,Cardiology,7,,,,
INSURANCE_SERVICE_PREAUTHORIZATION__requested_hospital_department__orthopedics,INSURANCE_SERVICE_PREAUTHORIZATION__requested_hospital_department,orthopedics,Orthopedics,Orthopedics,8,,,,
INSURANCE_SERVICE_PREAUTHORIZATION__diagnosis_or_disease_being_treated__malaria,INSURANCE_SERVICE_PREAUTHORIZATION__diagnosis_or_disease_being_treated,malaria,Malaria,Malaria,1,,,,
INSURANCE_SERVICE_PREAUTHORIZATION__diagnosis_or_disease_being_treated__cholera,INSURANCE_SERVICE_PREAUTHORIZATION__diagnosis_or_disease_being_treated,cholera,Cholera,Cholera,2,,,,
INSURANCE_SERVICE_PREAUTHORIZATION__diagnosis_or_disease_being_treated__lassa_fever,INSURANCE_SERVICE_PREAUTHORIZATION__diagnosis_or_disease_being_treated,lassa_fever,Lassa Fever,Lassa Fever,3,,,,
INSURANCE_SERVICE_PREAUTHORIZATION__diagnosis_or_disease_being_treated__measles,INSURANCE_SERVICE_PREAUTHORIZATION__diagnosis_or_disease_being_treated,measles,Measles,Measles,4,,,,
INSURANCE_SERVICE_PREAUTHORIZATION__diagnosis_or_disease_being_treated__tuberculosis,INSURANCE_SERVICE_PREAUTHORIZATION__diagnosis_or_disease_being_treated,tuberculosis,Tuberculosis,Tuberculosis,5,,,,
INSURANCE_SERVICE_PREAUTHORIZATION__diagnosis_or_disease_being_treated__covid_19,INSURANCE_SERVICE_PREAUTHORIZATION__diagnosis_or_disease_being_treated,covid_19,COVID-19,COVID-19,6,,,,
INSURANCE_SERVICE_PREAUTHORIZATION__diagnosis_or_disease_being_treated__meningitis,INSURANCE_SERVICE_PREAUTHORIZATION__diagnosis_or_disease_being_treated,meningitis,Meningitis,Meningitis,7,,,,
INSURANCE_SERVICE_PREAUTHORIZATION__diagnosis_or_disease_being_treated__typhoid_fever,INSURANCE_SERVICE_PREAUTHORIZATION__diagnosis_or_disease_being_treated,typhoid_fever,Typhoid Fever,Typhoid Fever,8,,,,
INSURANCE_SERVICE_PREAUTHORIZATION__service_type_requested__consultation,INSURANCE_SERVICE_PREAUTHORIZATION__service_type_requested,consultation,Consultation,Consultation,1,,,,
INSURANCE_SERVICE_PREAUTHORIZATION__service_type_requested__laboratory,INSURANCE_SERVICE_PREAUTHORIZATION__service_type_requested,laboratory,Laboratory,Laboratory,2,,,,
INSURANCE_SERVICE_PREAUTHORIZATION__service_type_requested__radiology,INSURANCE_SERVICE_PREAUTHORIZATION__service_type_requested,radiology,Radiology,Radiology,3,,,,
INSURANCE_SERVICE_PREAUTHORIZATION__service_type_requested__procedure,INSURANCE_SERVICE_PREAUTHORIZATION__service_type_requested,procedure,Procedure,Procedure,4,,,,
INSURANCE_SERVICE_PREAUTHORIZATION__service_type_requested__admission,INSURANCE_SERVICE_PREAUTHORIZATION__service_type_requested,admission,Admission,Admission,5,,,,
WEEKLY_DISEASE_SURVEILLANCE_REPORT__state_in_nigeria__abia,WEEKLY_DISEASE_SURVEILLANCE_REPORT__state_in_nigeria,abia,Abia,Abia,1,,,,
WEEKLY_DISEASE_SURVEILLANCE_REPORT__state_in_nigeria__adamawa,WEEKLY_DISEASE_SURVEILLANCE_REPORT__state_in_nigeria,adamawa,Adamawa,Adamawa,2,,,,
WEEKLY_DISEASE_SURVEILLANCE_REPORT__state_in_nigeria__akwa_ibom,WEEKLY_DISEASE_SURVEILLANCE_REPORT__state_in_nigeria,akwa_ibom,Akwa Ibom,Akwa Ibom,3,,,,
WEEKLY_DISEASE_SURVEILLANCE_REPORT__state_in_nigeria__anambra,WEEKLY_DISEASE_SURVEILLANCE_REPORT__state_in_nigeria,anambra,Anambra,Anambra,4,,,,
WEEKLY_DISEASE_SURVEILLANCE_REPORT__state_in_nigeria__bauchi,WEEKLY_DISEASE_SURVEILLANCE_REPORT__state_in_nigeria,bauchi,Bauchi,Bauchi,5,,,,
WEEKLY_DISEASE_SURVEILLANCE_REPORT__state_in_nigeria__bayelsa,WEEKLY_DISEASE_SURVEILLANCE_REPORT__state_in_nigeria,bayelsa,Bayelsa,Bayelsa,6,,,,
WEEKLY_DISEASE_SURVEILLANCE_REPORT__state_in_nigeria__benue,WEEKLY_DISEASE_SURVEILLANCE_REPORT__state_in_nigeria,benue,Benue,Benue,7,,,,
WEEKLY_DISEASE_SURVEILLANCE_REPORT__state_in_nigeria__borno,WEEKLY_DISEASE_SURVEILLANCE_REPORT__state_in_nigeria,borno,Borno,Borno,8,,,,
WEEKLY_DISEASE_SURVEILLANCE_REPORT__state_in_nigeria__cross_river,WEEKLY_DISEASE_SURVEILLANCE_REPORT__state_in_nigeria,cross_river,Cross River,Cross River,9,,,,
WEEKLY_DISEASE_SURVEILLANCE_REPORT__state_in_nigeria__delta,WEEKLY_DISEASE_SURVEILLANCE_REPORT__state_in_nigeria,delta,Delta,Delta,10,,,,
WEEKLY_DISEASE_SURVEILLANCE_REPORT__state_in_nigeria__ebonyi,WEEKLY_DISEASE_SURVEILLANCE_REPORT__state_in_nigeria,ebonyi,Ebonyi,Ebonyi,11,,,,
WEEKLY_DISEASE_SURVEILLANCE_REPORT__state_in_nigeria__edo,WEEKLY_DISEASE_SURVEILLANCE_REPORT__state_in_nigeria,edo,Edo,Edo,12,,,,
WEEKLY_DISEASE_SURVEILLANCE_REPORT__state_in_nigeria__ekiti,WEEKLY_DISEASE_SURVEILLANCE_REPORT__state_in_nigeria,ekiti,Ekiti,Ekiti,13,,,,
WEEKLY_DISEASE_SURVEILLANCE_REPORT__state_in_nigeria__enugu,WEEKLY_DISEASE_SURVEILLANCE_REPORT__state_in_nigeria,enugu,Enugu,Enugu,14,,,,
WEEKLY_DISEASE_SURVEILLANCE_REPORT__state_in_nigeria__fct_abuja,WEEKLY_DISEASE_SURVEILLANCE_REPORT__state_in_nigeria,fct_abuja,FCT Abuja,FCT Abuja,15,,,,
WEEKLY_DISEASE_SURVEILLANCE_REPORT__state_in_nigeria__gombe,WEEKLY_DISEASE_SURVEILLANCE_REPORT__state_in_nigeria,gombe,Gombe,Gombe,16,,,,
WEEKLY_DISEASE_SURVEILLANCE_REPORT__state_in_nigeria__imo,WEEKLY_DISEASE_SURVEILLANCE_REPORT__state_in_nigeria,imo,Imo,Imo,17,,,,
WEEKLY_DISEASE_SURVEILLANCE_REPORT__state_in_nigeria__jigawa,WEEKLY_DISEASE_SURVEILLANCE_REPORT__state_in_nigeria,jigawa,Jigawa,Jigawa,18,,,,
WEEKLY_DISEASE_SURVEILLANCE_REPORT__state_in_nigeria__kaduna,WEEKLY_DISEASE_SURVEILLANCE_REPORT__state_in_nigeria,kaduna,Kaduna,Kaduna,19,,,,
WEEKLY_DISEASE_SURVEILLANCE_REPORT__state_in_nigeria__kano,WEEKLY_DISEASE_SURVEILLANCE_REPORT__state_in_nigeria,kano,Kano,Kano,20,,,,
WEEKLY_DISEASE_SURVEILLANCE_REPORT__state_in_nigeria__katsina,WEEKLY_DISEASE_SURVEILLANCE_REPORT__state_in_nigeria,katsina,Katsina,Katsina,21,,,,
WEEKLY_DISEASE_SURVEILLANCE_REPORT__state_in_nigeria__kebbi,WEEKLY_DISEASE_SURVEILLANCE_REPORT__state_in_nigeria,kebbi,Kebbi,Kebbi,22,,,,
WEEKLY_DISEASE_SURVEILLANCE_REPORT__state_in_nigeria__kogi,WEEKLY_DISEASE_SURVEILLANCE_REPORT__state_in_nigeria,kogi,Kogi,Kogi,23,,,,
WEEKLY_DISEASE_SURVEILLANCE_REPORT__state_in_nigeria__kwara,WEEKLY_DISEASE_SURVEILLANCE_REPORT__state_in_nigeria,kwara,Kwara,Kwara,24,,,,
WEEKLY_DISEASE_SURVEILLANCE_REPORT__state_in_nigeria__lagos,WEEKLY_DISEASE_SURVEILLANCE_REPORT__state_in_nigeria,lagos,Lagos,Lagos,25,,,,
WEEKLY_DISEASE_SURVEILLANCE_REPORT__state_in_nigeria__nasarawa,WEEKLY_DISEASE_SURVEILLANCE_REPORT__state_in_nigeria,nasarawa,Nasarawa,Nasarawa,26,,,,
WEEKLY_DISEASE_SURVEILLANCE_REPORT__state_in_nigeria__niger,WEEKLY_DISEASE_SURVEILLANCE_REPORT__state_in_nigeria,niger,Niger,Niger,27,,,,
WEEKLY_DISEASE_SURVEILLANCE_REPORT__state_in_nigeria__ogun,WEEKLY_DISEASE_SURVEILLANCE_REPORT__state_in_nigeria,ogun,Ogun,Ogun,28,,,,
WEEKLY_DISEASE_SURVEILLANCE_REPORT__state_in_nigeria__ondo,WEEKLY_DISEASE_SURVEILLANCE_REPORT__state_in_nigeria,ondo,Ondo,Ondo,29,,,,
WEEKLY_DISEASE_SURVEILLANCE_REPORT__state_in_nigeria__osun,WEEKLY_DISEASE_SURVEILLANCE_REPORT__state_in_nigeria,osun,Osun,Osun,30,,,,
WEEKLY_DISEASE_SURVEILLANCE_REPORT__state_in_nigeria__oyo,WEEKLY_DISEASE_SURVEILLANCE_REPORT__state_in_nigeria,oyo,Oyo,Oyo,31,,,,
WEEKLY_DISEASE_SURVEILLANCE_REPORT__state_in_nigeria__plateau,WEEKLY_DISEASE_SURVEILLANCE_REPORT__state_in_nigeria,plateau,Plateau,Plateau,32,,,,
WEEKLY_DISEASE_SURVEILLANCE_REPORT__state_in_nigeria__rivers,WEEKLY_DISEASE_SURVEILLANCE_REPORT__state_in_nigeria,rivers,Rivers,Rivers,33,,,,
WEEKLY_DISEASE_SURVEILLANCE_REPORT__state_in_nigeria__sokoto,WEEKLY_DISEASE_SURVEILLANCE_REPORT__state_in_nigeria,sokoto,Sokoto,Sokoto,34,,,,
WEEKLY_DISEASE_SURVEILLANCE_REPORT__state_in_nigeria__taraba,WEEKLY_DISEASE_SURVEILLANCE_REPORT__state_in_nigeria,taraba,Taraba,Taraba,35,,,,
WEEKLY_DISEASE_SURVEILLANCE_REPORT__state_in_nigeria__yobe,WEEKLY_DISEASE_SURVEILLANCE_REPORT__state_in_nigeria,yobe,Yobe,Yobe,36,,,,
WEEKLY_DISEASE_SURVEILLANCE_REPORT__state_in_nigeria__zamfara,WEEKLY_DISEASE_SURVEILLANCE_REPORT__state_in_nigeria,zamfara,Zamfara,Zamfara,37,,,,
WEEKLY_DISEASE_SURVEILLANCE_REPORT__disease_name__malaria,WEEKLY_DISEASE_SURVEILLANCE_REPORT__disease_name,malaria,Malaria,Malaria,1,,,,
WEEKLY_DISEASE_SURVEILLANCE_REPORT__disease_name__cholera,WEEKLY_DISEASE_SURVEILLANCE_REPORT__disease_name,cholera,Cholera,Cholera,2,,,,
WEEKLY_DISEASE_SURVEILLANCE_REPORT__disease_name__lassa_fever,WEEKLY_DISEASE_SURVEILLANCE_REPORT__disease_name,lassa_fever,Lassa Fever,Lassa Fever,3,,,,
WEEKLY_DISEASE_SURVEILLANCE_REPORT__disease_name__measles,WEEKLY_DISEASE_SURVEILLANCE_REPORT__disease_name,measles,Measles,Measles,4,,,,
WEEKLY_DISEASE_SURVEILLANCE_REPORT__disease_name__tuberculosis,WEEKLY_DISEASE_SURVEILLANCE_REPORT__disease_name,tuberculosis,Tuberculosis,Tuberculosis,5,,,,
WEEKLY_DISEASE_SURVEILLANCE_REPORT__disease_name__covid_19,WEEKLY_DISEASE_SURVEILLANCE_REPORT__disease_name,covid_19,COVID-19,COVID-19,6,,,,
WEEKLY_DISEASE_SURVEILLANCE_REPORT__disease_name__meningitis,WEEKLY_DISEASE_SURVEILLANCE_REPORT__disease_name,meningitis,Meningitis,Meningitis,7,,,,
WEEKLY_DISEASE_SURVEILLANCE_REPORT__disease_name__typhoid_fever,WEEKLY_DISEASE_SURVEILLANCE_REPORT__disease_name,typhoid_fever,Typhoid Fever,Typhoid Fever,8,,,,
PATIENT_REGISTRATION__gender__male,PATIENT_REGISTRATION__gender,male,Male,Male,1,,,,
PATIENT_REGISTRATION__gender__female,PATIENT_REGISTRATION__gender,female,Female,Female,2,,,,
PATIENT_REGISTRATION__gender__other,PATIENT_REGISTRATION__gender,other,Other,Other,3,,,,
PATIENT_REGISTRATION__gender__prefer_not_to_say,PATIENT_REGISTRATION__gender,prefer_not_to_say,Prefer not to say,Prefer not to say,4,,,,
PATIENT_REGISTRATION__state_of_origin__abia,PATIENT_REGISTRATION__state_of_origin,abia,Abia,Abia,1,,,,
PATIENT_REGISTRATION__state_of_origin__adamawa,PATIENT_REGISTRATION__state_of_origin,adamawa,Adamawa,Adamawa,2,,,,
PATIENT_REGISTRATION__state_of_origin__akwa_ibom,PATIENT_REGISTRATION__state_of_origin,akwa_ibom,Akwa Ibom,Akwa Ibom,3,,,,
PATIENT_REGISTRATION__state_of_origin__anambra,PATIENT_REGISTRATION__state_of_origin,anambra,Anambra,Anambra,4,,,,
PATIENT_REGISTRATION__state_of_origin__bauchi,PATIENT_REGISTRATION__state_of_origin,bauchi,Bauchi,Bauchi,5,,,,
PATIENT_REGISTRATION__state_of_origin__bayelsa,PATIENT_REGISTRATION__state_of_origin,bayelsa,Bayelsa,Bayelsa,6,,,,
PATIENT_REGISTRATION__state_of_origin__benue,PATIENT_REGISTRATION__state_of_origin,benue,Benue,Benue,7,,,,
PATIENT_REGISTRATION__state_of_origin__borno,PATIENT_REGISTRATION__state_of_origin,borno,Borno,Borno,8,,,,
PATIENT_REGISTRATION__state_of_origin__cross_river,PATIENT_REGISTRATION__state_of_origin,cross_river,Cross River,Cross River,9,,,,
PATIENT_REGISTRATION__state_of_origin__delta,PATIENT_REGISTRATION__state_of_origin,delta,Delta,Delta,10,,,,
PATIENT_REGISTRATION__state_of_origin__ebonyi,PATIENT_REGISTRATION__state_of_origin,ebonyi,Ebonyi,Ebonyi,11,,,,
PATIENT_REGISTRATION__state_of_origin__edo,PATIENT_REGISTRATION__state_of_origin,edo,Edo,Edo,12,,,,
PATIENT_REGISTRATION__state_of_origin__ekiti,PATIENT_REGISTRATION__state_of_origin,ekiti,Ekiti,Ekiti,13,,,,
PATIENT_REGISTRATION__state_of_origin__enugu,PATIENT_REGISTRATION__state_of_origin,enugu,Enugu,Enugu,14,,,,
PATIENT_REGISTRATION__state_of_origin__fct_abuja,PATIENT_REGISTRATION__state_of_origin,fct_abuja,FCT Abuja,FCT Abuja,15,,,,
PATIENT_REGISTRATION__state_of_origin__gombe,PATIENT_REGISTRATION__state_of_origin,gombe,Gombe,Gombe,16,,,,
PATIENT_REGISTRATION__state_of_origin__imo,PATIENT_REGISTRATION__state_of_origin,imo,Imo,Imo,17,,,,
PATIENT_REGISTRATION__state_of_origin__jigawa,PATIENT_REGISTRATION__state_of_origin,jigawa,Jigawa,Jigawa,18,,,,
PATIENT_REGISTRATION__state_of_origin__kaduna,PATIENT_REGISTRATION__state_of_origin,kaduna,Kaduna,Kaduna,19,,,,
PATIENT_REGISTRATION__state_of_origin__kano,PATIENT_REGISTRATION__state_of_origin,kano,Kano,Kano,20,,,,
PATIENT_REGISTRATION__state_of_origin__katsina,PATIENT_REGISTRATION__state_of_origin,katsina,Katsina,Katsina,21,,,,
PATIENT_REGISTRATION__state_of_origin__kebbi,PATIENT_REGISTRATION__state_of_origin,kebbi,Kebbi,Kebbi,22,,,,
PATIENT_REGISTRATION__state_of_origin__kogi,PATIENT_REGISTRATION__state_of_origin,kogi,Kogi,Kogi,23,,,,
PATIENT_REGISTRATION__state_of_origin__kwara,PATIENT_REGISTRATION__state_of_origin,kwara,Kwara,Kwara,24,,,,
PATIENT_REGISTRATION__state_of_origin__lagos,PATIENT_REGISTRATION__state_of_origin,lagos,Lagos,Lagos,25,,,,
PATIENT_REGISTRATION__state_of_origin__nasarawa,PATIENT_REGISTRATION__state_of_origin,nasarawa,Nasarawa,Nasarawa,26,,,,
PATIENT_REGISTRATION__state_of_origin__niger,PATIENT_REGISTRATION__state_of_origin,niger,Niger,Niger,27,,,,
PATIENT_REGISTRATION__state_of_origin__ogun,PATIENT_REGISTRATION__state_of_origin,ogun,Ogun,Ogun,28,,,,
PATIENT_REGISTRATION__state_of_origin__ondo,PATIENT_REGISTRATION__state_of_origin,ondo,Ondo,Ondo,29,,,,
PATIENT_REGISTRATION__state_of_origin__osun,PATIENT_REGISTRATION__state_of_origin,osun,Osun,Osun,30,,,,
PATIENT_REGISTRATION__state_of_origin__oyo,PATIENT_REGISTRATION__state_of_origin,oyo,Oyo,Oyo,31,,,,
PATIENT_REGISTRATION__state_of_origin__plateau,PATIENT_REGISTRATION__state_of_origin,plateau,Plateau,Plateau,32,,,,
PATIENT_REGISTRATION__state_of_origin__rivers,PATIENT_REGISTRATION__state_of_origin,rivers,Rivers,Rivers,33,,,,
PATIENT_REGISTRATION__state_of_origin__sokoto,PATIENT_REGISTRATION__state_of_origin,sokoto,Sokoto,Sokoto,34,,,,
PATIENT_REGISTRATION__state_of_origin__taraba,PATIENT_REGISTRATION__state_of_origin,taraba,Taraba,Taraba,35,,,,
PATIENT_REGISTRATION__state_of_origin__yobe,PATIENT_REGISTRATION__state_of_origin,yobe,Yobe,Yobe,36,,,,
PATIENT_REGISTRATION__state_of_origin__zamfara,PATIENT_REGISTRATION__state_of_origin,zamfara,Zamfara,Zamfara,37,,,,
PATIENT_REGISTRATION__current_residence_state__abia,PATIENT_REGISTRATION__current_residence_state,abia,Abia,Abia,1,,,,
PATIENT_REGISTRATION__current_residence_state__adamawa,PATIENT_REGISTRATION__current_residence_state,adamawa,Adamawa,Adamawa,2,,,,
PATIENT_REGISTRATION__current_residence_state__akwa_ibom,PATIENT_REGISTRATION__current_residence_state,akwa_ibom,Akwa Ibom,Akwa Ibom,3,,,,
PATIENT_REGISTRATION__current_residence_state__anambra,PATIENT_REGISTRATION__current_residence_state,anambra,Anambra,Anambra,4,,,,
PATIENT_REGISTRATION__current_residence_state__bauchi,PATIENT_REGISTRATION__current_residence_state,bauchi,Bauchi,Bauchi,5,,,,
PATIENT_REGISTRATION__current_residence_state__bayelsa,PATIENT_REGISTRATION__current_residence_state,bayelsa,Bayelsa,Bayelsa,6,,,,
PATIENT_REGISTRATION__current_residence_state__benue,PATIENT_REGISTRATION__current_residence_state,benue,Benue,Benue,7,,,,
PATIENT_REGISTRATION__current_residence_state__borno,PATIENT_REGISTRATION__current_residence_state,borno,Borno,Borno,8,,,,
PATIENT_REGISTRATION__current_residence_state__cross_river,PATIENT_REGISTRATION__current_residence_state,cross_river,Cross River,Cross River,9,,,,
PATIENT_REGISTRATION__current_residence_state__delta,PATIENT_REGISTRATION__current_residence_state,delta,Delta,Delta,10,,,,
PATIENT_REGISTRATION__current_residence_state__ebonyi,PATIENT_REGISTRATION__current_residence_state,ebonyi,Ebonyi,Ebonyi,11,,,,
PATIENT_REGISTRATION__current_residence_state__edo,PATIENT_REGISTRATION__current_residence_state,edo,Edo,Edo,12,,,,
PATIENT_REGISTRATION__current_residence_state__ekiti,PATIENT_REGISTRATION__current_residence_state,ekiti,Ekiti,Ekiti,13,,,,
PATIENT_REGISTRATION__current_residence_state__enugu,PATIENT_REGISTRATION__current_residence_state,enugu,Enugu,Enugu,14,,,,
PATIENT_REGISTRATION__current_residence_state__fct_abuja,PATIENT_REGISTRATION__current_residence_state,fct_abuja,FCT Abuja,FCT Abuja,15,,,,
PATIENT_REGISTRATION__current_residence_state__gombe,PATIENT_REGISTRATION__current_residence_state,gombe,Gombe,Gombe,16,,,,
PATIENT_REGISTRATION__current_residence_state__imo,PATIENT_REGISTRATION__current_residence_state,imo,Imo,Imo,17,,,,
PATIENT_REGISTRATION__current_residence_state__jigawa,PATIENT_REGISTRATION__current_residence_state,jigawa,Jigawa,Jigawa,18,,,,
PATIENT_REGISTRATION__current_residence_state__kaduna,PATIENT_REGISTRATION__current_residence_state,kaduna,Kaduna,Kaduna,19,,,,
PATIENT_REGISTRATION__current_residence_state__kano,PATIENT_REGISTRATION__current_residence_state,kano,Kano,Kano,20,,,,
PATIENT_REGISTRATION__current_residence_state__katsina,PATIENT_REGISTRATION__current_residence_state,katsina,Katsina,Katsina,21,,,,
PATIENT_REGISTRATION__current_residence_state__kebbi,PATIENT_REGISTRATION__current_residence_state,kebbi,Kebbi,Kebbi,22,,,,
PATIENT_REGISTRATION__current_residence_state__kogi,PATIENT_REGISTRATION__current_residence_state,kogi,Kogi,Kogi,23,,,,
PATIENT_REGISTRATION__current_residence_state__kwara,PATIENT_REGISTRATION__current_residence_state,kwara,Kwara,Kwara,24,,,,
PATIENT_REGISTRATION__current_residence_state__lagos,PATIENT_REGISTRATION__current_residence_state,lagos,Lagos,Lagos,25,,,,
PATIENT_REGISTRATION__current_residence_state__nasarawa,PATIENT_REGISTRATION__current_residence_state,nasarawa,Nasarawa,Nasarawa,26,,,,
PATIENT_REGISTRATION__current_residence_state__niger,PATIENT_REGISTRATION__current_residence_state,niger,Niger,Niger,27,,,,
PATIENT_REGISTRATION__current_residence_state__ogun,PATIENT_REGISTRATION__current_residence_state,ogun,Ogun,Ogun,28,,,,
PATIENT_REGISTRATION__current_residence_state__ondo,PATIENT_REGISTRATION__current_residence_state,ondo,Ondo,Ondo,29,,,,
PATIENT_REGISTRATION__current_residence_state__osun,PATIENT_REGISTRATION__current_residence_state,osun,Osun,Osun,30,,,,
PATIENT_REGISTRATION__current_residence_state__oyo,PATIENT_REGISTRATION__current_residence_state,oyo,Oyo,Oyo,31,,,,
PATIENT_REGISTRATION__current_residence_state__plateau,PATIENT_REGISTRATION__current_residence_state,plateau,Plateau,Plateau,32,,,,
PATIENT_REGISTRATION__current_residence_state__rivers,PATIENT_REGISTRATION__current_residence_state,rivers,Rivers,Rivers,33,,,,
PATIENT_REGISTRATION__current_residence_state__sokoto,PATIENT_REGISTRATION__current_residence_state,sokoto,Sokoto,Sokoto,34,,,,
PATIENT_REGISTRATION__current_residence_state__taraba,PATIENT_REGISTRATION__current_residence_state,taraba,Taraba,Taraba,35,,,,
PATIENT_REGISTRATION__current_residence_state__yobe,PATIENT_REGISTRATION__current_residence_state,yobe,Yobe,Yobe,36,,,,
PATIENT_REGISTRATION__current_residence_state__zamfara,PATIENT_REGISTRATION__current_residence_state,zamfara,Zamfara,Zamfara,37,,,,
PATIENT_CLOCK_IN__check_in_channel__front_desk,PATIENT_CLOCK_IN__check_in_channel,front_desk,Front Desk,Front Desk,1,,,,
PATIENT_CLOCK_IN__check_in_channel__kiosk,PATIENT_CLOCK_IN__check_in_channel,kiosk,Kiosk,Kiosk,2,,,,
PATIENT_CLOCK_IN__check_in_channel__mobile_app,PATIENT_CLOCK_IN__check_in_channel,mobile_app,Mobile App,Mobile App,3,,,,
PATIENT_CLOCK_IN__check_in_channel__referral_desk,PATIENT_CLOCK_IN__check_in_channel,referral_desk,Referral Desk,Referral Desk,4,,,,
PATIENT_CLOCK_IN__visit_type__consultation,PATIENT_CLOCK_IN__visit_type,consultation,Consultation,Consultation,1,,,,
PATIENT_CLOCK_IN__visit_type__follow_up,PATIENT_CLOCK_IN__visit_type,follow_up,Follow-up,Follow-up,2,,,,
PATIENT_CLOCK_IN__visit_type__emergency,PATIENT_CLOCK_IN__visit_type,emergency,Emergency,Emergency,3,,,,
PATIENT_CLOCK_IN__visit_type__procedure,PATIENT_CLOCK_IN__visit_type,procedure,Procedure,Procedure,4,,,,
PATIENT_CLOCK_IN__department_to_visit__emergency,PATIENT_CLOCK_IN__department_to_visit,emergency,Emergency,Emergency,1,,,,
PATIENT_CLOCK_IN__department_to_visit__outpatient,PATIENT_CLOCK_IN__department_to_visit,outpatient,Outpatient,Outpatient,2,,,,
PATIENT_CLOCK_IN__department_to_visit__pediatrics,PATIENT_CLOCK_IN__department_to_visit,pediatrics,Pediatrics,Pediatrics,3,,,,
PATIENT_CLOCK_IN__department_to_visit__obstetrics_and_gynecology,PATIENT_CLOCK_IN__department_to_visit,obstetrics_and_gynecology,Obstetrics and Gynecology,Obstetrics and Gynecology,4,,,,
PATIENT_CLOCK_IN__department_to_visit__internal_medicine,PATIENT_CLOCK_IN__department_to_visit,internal_medicine,Internal Medicine,Internal Medicine,5,,,,
PATIENT_CLOCK_IN__department_to_visit__surgery,PATIENT_CLOCK_IN__department_to_visit,surgery,Surgery,Surgery,6,,,,
PATIENT_CLOCK_IN__department_to_visit__cardiology,PATIENT_CLOCK_IN__department_to_visit,cardiology,Cardiology,Cardiology,7,,,,
PATIENT_CLOCK_IN__department_to_visit__orthopedics,PATIENT_CLOCK_IN__department_to_visit,orthopedics,Orthopedics,Orthopedics,8,,,,
APPOINTMENT_SCHEDULING__department__emergency,APPOINTMENT_SCHEDULING__department,emergency,Emergency,Emergency,1,,,,
APPOINTMENT_SCHEDULING__department__outpatient,APPOINTMENT_SCHEDULING__department,outpatient,Outpatient,Outpatient,2,,,,
APPOINTMENT_SCHEDULING__department__pediatrics,APPOINTMENT_SCHEDULING__department,pediatrics,Pediatrics,Pediatrics,3,,,,
APPOINTMENT_SCHEDULING__department__obstetrics_and_gynecology,APPOINTMENT_SCHEDULING__department,obstetrics_and_gynecology,Obstetrics and Gynecology,Obstetrics and Gynecology,4,,,,
APPOINTMENT_SCHEDULING__department__internal_medicine,APPOINTMENT_SCHEDULING__department,internal_medicine,Internal Medicine,Internal Medicine,5,,,,
APPOINTMENT_SCHEDULING__department__surgery,APPOINTMENT_SCHEDULING__department,surgery,Surgery,Surgery,6,,,,
APPOINTMENT_SCHEDULING__department__cardiology,APPOINTMENT_SCHEDULING__department,cardiology,Cardiology,Cardiology,7,,,,
APPOINTMENT_SCHEDULING__department__orthopedics,APPOINTMENT_SCHEDULING__department,orthopedics,Orthopedics,Orthopedics,8,,,,
APPOINTMENT_SCHEDULING__preferred_time__08_00_10_00,APPOINTMENT_SCHEDULING__preferred_time,08_00_10_00,08:00-10:00,08:00-10:00,1,,,,
APPOINTMENT_SCHEDULING__preferred_time__10_00_12_00,APPOINTMENT_SCHEDULING__preferred_time,10_00_12_00,10:00-12:00,10:00-12:00,2,,,,
APPOINTMENT_SCHEDULING__preferred_time__12_00_14_00,APPOINTMENT_SCHEDULING__preferred_time,12_00_14_00,12:00-14:00,12:00-14:00,3,,,,
APPOINTMENT_SCHEDULING__preferred_time__14_00_16_00,APPOINTMENT_SCHEDULING__preferred_time,14_00_16_00,14:00-16:00,14:00-16:00,4,,,,
APPOINTMENT_SCHEDULING__preferred_time__16_00_18_00,APPOINTMENT_SCHEDULING__preferred_time,16_00_18_00,16:00-18:00,16:00-18:00,5,,,,
ANALYTICS_REPORT_REQUEST__report_category__patient_volume,ANALYTICS_REPORT_REQUEST__report_category,patient_volume,Patient Volume,Patient Volume,1,,,,
ANALYTICS_REPORT_REQUEST__report_category__revenue,ANALYTICS_REPORT_REQUEST__report_category,revenue,Revenue,Revenue,2,,,,
ANALYTICS_REPORT_REQUEST__report_category__disease_trend,ANALYTICS_REPORT_REQUEST__report_category,disease_trend,Disease Trend,Disease Trend,3,,,,
ANALYTICS_REPORT_REQUEST__report_category__bed_occupancy,ANALYTICS_REPORT_REQUEST__report_category,bed_occupancy,Bed Occupancy,Bed Occupancy,4,,,,
ANALYTICS_REPORT_REQUEST__report_category__lab_turnaround,ANALYTICS_REPORT_REQUEST__report_category,lab_turnaround,Lab Turnaround,Lab Turnaround,5,,,,
ANALYTICS_REPORT_REQUEST__report_period__daily,ANALYTICS_REPORT_REQUEST__report_period,daily,Daily,Daily,1,,,,
ANALYTICS_REPORT_REQUEST__report_period__weekly,ANALYTICS_REPORT_REQUEST__report_period,weekly,Weekly,Weekly,2,,,,
ANALYTICS_REPORT_REQUEST__report_period__monthly,ANALYTICS_REPORT_REQUEST__report_period,monthly,Monthly,Monthly,3,,,,
ANALYTICS_REPORT_REQUEST__report_period__quarterly,ANALYTICS_REPORT_REQUEST__report_period,quarterly,Quarterly,Quarterly,4,,,,
ANALYTICS_REPORT_REQUEST__output_format__pdf,ANALYTICS_REPORT_REQUEST__output_format,pdf,PDF,PDF,1,,,,
ANALYTICS_REPORT_REQUEST__output_format__excel,ANALYTICS_REPORT_REQUEST__output_format,excel,Excel,Excel,2,,,,
ANALYTICS_REPORT_REQUEST__output_format__dashboard_link,ANALYTICS_REPORT_REQUEST__output_format,dashboard_link,Dashboard Link,Dashboard Link,3,,,,
ANALYTICS_REPORT_REQUEST__output_format__csv,ANALYTICS_REPORT_REQUEST__output_format,csv,CSV,CSV,4,,,,
CLINICAL_ORDER_CREATION__order_type__prescription,CLINICAL_ORDER_CREATION__order_type,prescription,Prescription,Prescription,1,,,,
CLINICAL_ORDER_CREATION__order_type__lab_test,CLINICAL_ORDER_CREATION__order_type,lab_test,Lab Test,Lab Test,2,,,,
CLINICAL_ORDER_CREATION__order_type__radiology,CLINICAL_ORDER_CREATION__order_type,radiology,Radiology,Radiology,3,,,,
CLINICAL_ORDER_CREATION__order_type__procedure,CLINICAL_ORDER_CREATION__order_type,procedure,Procedure,Procedure,4,,,,
CLINICAL_ORDER_CREATION__priority_level__routine,CLINICAL_ORDER_CREATION__priority_level,routine,Routine,Routine,1,,,,
CLINICAL_ORDER_CREATION__priority_level__urgent,CLINICAL_ORDER_CREATION__priority_level,urgent,Urgent,Urgent,2,,,,
CLINICAL_ORDER_CREATION__priority_level__stat,CLINICAL_ORDER_CREATION__priority_level,stat,Stat,Stat,3,,,,
CLINICAL_ORDER_CREATION__priority_level__critical,CLINICAL_ORDER_CREATION__priority_level,critical,Critical,Critical,4,,,,
CLINICAL_ORDER_CREATION__requested_department__emergency,CLINICAL_ORDER_CREATION__requested_department,emergency,Emergency,Emergency,1,,,,
CLINICAL_ORDER_CREATION__requested_department__outpatient,CLINICAL_ORDER_CREATION__requested_department,outpatient,Outpatient,Outpatient,2,,,,
CLINICAL_ORDER_CREATION__requested_department__pediatrics,CLINICAL_ORDER_CREATION__requested_department,pediatrics,Pediatrics,Pediatrics,3,,,,
CLINICAL_ORDER_CREATION__requested_department__obstetrics_and_gynecology,CLINICAL_ORDER_CREATION__requested_department,obstetrics_and_gynecology,Obstetrics and Gynecology,Obstetrics and Gynecology,4,,,,
CLINICAL_ORDER_CREATION__requested_department__internal_medicine,CLINICAL_ORDER_CREATION__requested_department,internal_medicine,Internal Medicine,Internal Medicine,5,,,,
CLINICAL_ORDER_CREATION__requested_department__surgery,CLINICAL_ORDER_CREATION__requested_department,surgery,Surgery,Surgery,6,,,,
CLINICAL_ORDER_CREATION__requested_department__cardiology,CLINICAL_ORDER_CREATION__requested_department,cardiology,Cardiology,Cardiology,7,,,,
CLINICAL_ORDER_CREATION__requested_department__orthopedics,CLINICAL_ORDER_CREATION__requested_department,orthopedics,Orthopedics,Orthopedics,8,,,,
ORDER_PAYMENT__payment_type__cash,ORDER_PAYMENT__payment_type,cash,Cash,Cash,1,,,,
ORDER_PAYMENT__payment_type__card,ORDER_PAYMENT__payment_type,card,Card,Card,2,,,,
ORDER_PAYMENT__payment_type__bank_transfer,ORDER_PAYMENT__payment_type,bank_transfer,Bank Transfer,Bank Transfer,3,,,,
ORDER_PAYMENT__payment_type__mobile_money,ORDER_PAYMENT__payment_type,mobile_money,Mobile Money,Mobile Money,4,,,,
ORDER_PAYMENT__payment_type__insurance,ORDER_PAYMENT__payment_type,insurance,Insurance,Insurance,5,,,,
GET_CURRENT_PRESCRIPTIONS__prescription_status__active,GET_CURRENT_PRESCRIPTIONS__prescription_status,active,Active,Active,1,,,,
GET_CURRENT_PRESCRIPTIONS__prescription_status__pending_refill,GET_CURRENT_PRESCRIPTIONS__prescription_status,pending_refill,Pending Refill,Pending Refill,2,,,,
GET_CURRENT_PRESCRIPTIONS__prescription_status__expired,GET_CURRENT_PRESCRIPTIONS__prescription_status,expired,Expired,Expired,3,,,,
GET_CURRENT_PRESCRIPTIONS__prescription_status__all,GET_CURRENT_PRESCRIPTIONS__prescription_status,all,All,All,4,,,,
GET_CURRENT_PRESCRIPTIONS__medication_category__antibiotics,GET_CURRENT_PRESCRIPTIONS__medication_category,antibiotics,Antibiotics,Antibiotics,1,,,,
GET_CURRENT_PRESCRIPTIONS__medication_category__antimalarial,GET_CURRENT_PRESCRIPTIONS__medication_category,antimalarial,Antimalarial,Antimalarial,2,,,,
GET_CURRENT_PRESCRIPTIONS__medication_category__analgesics,GET_CURRENT_PRESCRIPTIONS__medication_category,analgesics,Analgesics,Analgesics,3,,,,
GET_CURRENT_PRESCRIPTIONS__medication_category__antihypertensives,GET_CURRENT_PRESCRIPTIONS__medication_category,antihypertensives,Antihypertensives,Antihypertensives,4,,,,
GET_CURRENT_PRESCRIPTIONS__medication_category__others,GET_CURRENT_PRESCRIPTIONS__medication_category,others,Others,Others,5,,,,
GET_CURRENT_PRESCRIPTIONS__delivery_preference__sms_summary,GET_CURRENT_PRESCRIPTIONS__delivery_preference,sms_summary,SMS Summary,SMS Summary,1,,,,
GET_CURRENT_PRESCRIPTIONS__delivery_preference__email_copy,GET_CURRENT_PRESCRIPTIONS__delivery_preference,email_copy,Email Copy,Email Copy,2,,,,
GET_CURRENT_PRESCRIPTIONS__delivery_preference__print_at_pharmacy,GET_CURRENT_PRESCRIPTIONS__delivery_preference,print_at_pharmacy,Print at Pharmacy,Print at Pharmacy,3,,,,
GET_CURRENT_PRESCRIPTIONS__delivery_preference__patient_portal,GET_CURRENT_PRESCRIPTIONS__delivery_preference,patient_portal,Patient Portal,Patient Portal,4,,,,
QUERY_LAST_APPOINTMENT_SUMMARY__department_visited__emergency,QUERY_LAST_APPOINTMENT_SUMMARY__department_visited,emergency,Emergency,Emergency,1,,,,
QUERY_LAST_APPOINTMENT_SUMMARY__department_visited__outpatient,QUERY_LAST_APPOINTMENT_SUMMARY__department_visited,outpatient,Outpatient,Outpatient,2,,,,
QUERY_LAST_APPOINTMENT_SUMMARY__department_visited__pediatrics,QUERY_LAST_APPOINTMENT_SUMMARY__department_visited,pediatrics,Pediatrics,Pediatrics,3,,,,
QUERY_LAST_APPOINTMENT_SUMMARY__department_visited__obstetrics_and_gynecology,QUERY_LAST_APPOINTMENT_SUMMARY__department_visited,obstetrics_and_gynecology,Obstetrics and Gynecology,Obstetrics and Gynecology,4,,,,
QUERY_LAST_APPOINTMENT_SUMMARY__department_visited__internal_medicine,QUERY_LAST_APPOINTMENT_SUMMARY__department_visited,internal_medicine,Internal Medicine,Internal Medicine,5,,,,
QUERY_LAST_APPOINTMENT_SUMMARY__department_visited__surgery,QUERY_LAST_APPOINTMENT_SUMMARY__department_visited,surgery,Surgery,Surgery,6,,,,
QUERY_LAST_APPOINTMENT_SUMMARY__department_visited__cardiology,QUERY_LAST_APPOINTMENT_SUMMARY__department_visited,cardiology,Cardiology,Cardiology,7,,,,
QUERY_LAST_APPOINTMENT_SUMMARY__department_visited__orthopedics,QUERY_LAST_APPOINTMENT_SUMMARY__department_visited,orthopedics,Orthopedics,Orthopedics,8,,,,
QUERY_LAST_APPOINTMENT_SUMMARY__summary_scope__doctor_notes,QUERY_LAST_APPOINTMENT_SUMMARY__summary_scope,doctor_notes,Doctor Notes,Doctor Notes,1,,,,
QUERY_LAST_APPOINTMENT_SUMMARY__summary_scope__diagnosis,QUERY_LAST_APPOINTMENT_SUMMARY__summary_scope,diagnosis,Diagnosis,Diagnosis,2,,,,
QUERY_LAST_APPOINTMENT_SUMMARY__summary_scope__prescriptions,QUERY_LAST_APPOINTMENT_SUMMARY__summary_scope,prescriptions,Prescriptions,Prescriptions,3,,,,
QUERY_LAST_APPOINTMENT_SUMMARY__summary_scope__full_visit_summary,QUERY_LAST_APPOINTMENT_SUMMARY__summary_scope,full_visit_summary,Full Visit Summary,Full Visit Summary,4,,,,
QUERY_LAST_APPOINTMENT_SUMMARY__delivery_channel__sms,QUERY_LAST_APPOINTMENT_SUMMARY__delivery_channel,sms,SMS,SMS,1,,,,
QUERY_LAST_APPOINTMENT_SUMMARY__delivery_channel__email,QUERY_LAST_APPOINTMENT_SUMMARY__delivery_channel,email,Email,Email,2,,,,
QUERY_LAST_APPOINTMENT_SUMMARY__delivery_channel__patient_portal,QUERY_LAST_APPOINTMENT_SUMMARY__delivery_channel,patient_portal,Patient Portal,Patient Portal,3,,,,
QUERY_LAST_APPOINTMENT_SUMMARY__delivery_channel__printed_copy,QUERY_LAST_APPOINTMENT_SUMMARY__delivery_channel,printed_copy,Printed Copy,Printed Copy,4,,,,
PATIENT_FEEDBACK_SURVEY__department_visited__emergency,PATIENT_FEEDBACK_SURVEY__department_visited,emergency,Emergency,Emergency,1,,,,
PATIENT_FEEDBACK_SURVEY__department_visited__outpatient,PATIENT_FEEDBACK_SURVEY__department_visited,outpatient,Outpatient,Outpatient,2,,,,
PATIENT_FEEDBACK_SURVEY__department_visited__pediatrics,PATIENT_FEEDBACK_SURVEY__department_visited,pediatrics,Pediatrics,Pediatrics,3,,,,
PATIENT_FEEDBACK_SURVEY__department_visited__obstetrics_and_gynecology,PATIENT_FEEDBACK_SURVEY__department_visited,obstetrics_and_gynecology,Obstetrics and Gynecology,Obstetrics and Gynecology,4,,,,
PATIENT_FEEDBACK_SURVEY__department_visited__internal_medicine,PATIENT_FEEDBACK_SURVEY__department_visited,internal_medicine,Internal Medicine,Internal Medicine,5,,,,
PATIENT_FEEDBACK_SURVEY__department_visited__surgery,PATIENT_FEEDBACK_SURVEY__department_visited,surgery,Surgery,Surgery,6,,,,
PATIENT_FEEDBACK_SURVEY__department_visited__cardiology,PATIENT_FEEDBACK_SURVEY__department_visited,cardiology,Cardiology,Cardiology,7,,,,
PATIENT_FEEDBACK_SURVEY__department_visited__orthopedics,PATIENT_FEEDBACK_SURVEY__department_visited,orthopedics,Orthopedics,Orthopedics,8,,,,
PATIENT_FEEDBACK_SURVEY__how_would_you_rate_waiting_time__excellent,PATIENT_FEEDBACK_SURVEY__how_would_you_rate_waiting_time,excellent,Excellent,Excellent,1,,,,
PATIENT_FEEDBACK_SURVEY__how_would_you_rate_waiting_time__good,PATIENT_FEEDBACK_SURVEY__how_would_you_rate_waiting_time,good,Good,Good,2,,,,
PATIENT_FEEDBACK_SURVEY__how_would_you_rate_waiting_time__fair,PATIENT_FEEDBACK_SURVEY__how_would_you_rate_waiting_time,fair,Fair,Fair,3,,,,
PATIENT_FEEDBACK_SURVEY__how_would_you_rate_waiting_time__poor,PATIENT_FEEDBACK_SURVEY__how_would_you_rate_waiting_time,poor,Poor,Poor,4,,,,
PATIENT_FEEDBACK_SURVEY__how_would_you_rate_staff_attitude__excellent,PATIENT_FEEDBACK_SURVEY__how_would_you_rate_staff_attitude,excellent,Excellent,Excellent,1,,,,
PATIENT_FEEDBACK_SURVEY__how_would_you_rate_staff_attitude__good,PATIENT_FEEDBACK_SURVEY__how_would_you_rate_staff_attitude,good,Good,Good,2,,,,
PATIENT_FEEDBACK_SURVEY__how_would_you_rate_staff_attitude__fair,PATIENT_FEEDBACK_SURVEY__how_would_you_rate_staff_attitude,fair,Fair,Fair,3,,,,
PATIENT_FEEDBACK_SURVEY__how_would_you_rate_staff_attitude__poor,PATIENT_FEEDBACK_SURVEY__how_would_you_rate_staff_attitude,poor,Poor,Poor,4,,,,
PATIENT_FEEDBACK_SURVEY__how_would_you_rate_facility_cleanliness__excellent,PATIENT_FEEDBACK_SURVEY__how_would_you_rate_facility_cleanliness,excellent,Excellent,Excellent,1,,,,
PATIENT_FEEDBACK_SURVEY__how_would_you_rate_facility_cleanliness__good,PATIENT_FEEDBACK_SURVEY__how_would_you_rate_facility_cleanliness,good,Good,Good,2,,,,
PATIENT_FEEDBACK_SURVEY__how_would_you_rate_facility_cleanliness__fair,PATIENT_FEEDBACK_SURVEY__how_would_you_rate_facility_cleanliness,fair,Fair,Fair,3,,,,
PATIENT_FEEDBACK_SURVEY__how_would_you_rate_facility_cleanliness__poor,PATIENT_FEEDBACK_SURVEY__how_would_you_rate_facility_cleanliness,poor,Poor,Poor,4,,,,
PATIENT_FEEDBACK_SURVEY__would_you_recommend_this_hospital__definitely,PATIENT_FEEDBACK_SURVEY__would_you_recommend_this_hospital,definitely,Definitely,Definitely,1,,,,
PATIENT_FEEDBACK_SURVEY__would_you_recommend_this_hospital__probably,PATIENT_FEEDBACK_SURVEY__would_you_recommend_this_hospital,probably,Probably,Probably,2,,,,
PATIENT_FEEDBACK_SURVEY__would_you_recommend_this_hospital__not_sure,PATIENT_FEEDBACK_SURVEY__would_you_recommend_this_hospital,not_sure,Not Sure,Not Sure,3,,,,
PATIENT_FEEDBACK_SURVEY__would_you_recommend_this_hospital__no,PATIENT_FEEDBACK_SURVEY__would_you_recommend_this_hospital,no,No,No,4,,,,
STAFF_INCIDENT_REPORT__department__emergency,STAFF_INCIDENT_REPORT__department,emergency,Emergency,Emergency,1,,,,
STAFF_INCIDENT_REPORT__department__outpatient,STAFF_INCIDENT_REPORT__department,outpatient,Outpatient,Outpatient,2,,,,
STAFF_INCIDENT_REPORT__department__pediatrics,STAFF_INCIDENT_REPORT__department,pediatrics,Pediatrics,Pediatrics,3,,,,
STAFF_INCIDENT_REPORT__department__obstetrics_and_gynecology,STAFF_INCIDENT_REPORT__department,obstetrics_and_gynecology,Obstetrics and Gynecology,Obstetrics and Gynecology,4,,,,
STAFF_INCIDENT_REPORT__department__internal_medicine,STAFF_INCIDENT_REPORT__department,internal_medicine,Internal Medicine,Internal Medicine,5,,,,
STAFF_INCIDENT_REPORT__department__surgery,STAFF_INCIDENT_REPORT__department,surgery,Surgery,Surgery,6,,,,
STAFF_INCIDENT_REPORT__department__cardiology,STAFF_INCIDENT_REPORT__department,cardiology,Cardiology,Cardiology,7,,,,
STAFF_INCIDENT_REPORT__department__orthopedics,STAFF_INCIDENT_REPORT__department,orthopedics,Orthopedics,Orthopedics,8,,,,
STAFF_INCIDENT_REPORT__incident_category__clinical_error,STAFF_INCIDENT_REPORT__incident_category,clinical_error,Clinical Error,Clinical Error,1,,,,
STAFF_INCIDENT_REPORT__incident_category__workplace_injury,STAFF_INCIDENT_REPORT__incident_category,workplace_injury,Workplace Injury,Workplace Injury,2,,,,
STAFF_INCIDENT_REPORT__incident_category__security,STAFF_INCIDENT_REPORT__incident_category,security,Security,Security,3,,,,
STAFF_INCIDENT_REPORT__incident_category__equipment_failure,STAFF_INCIDENT_REPORT__incident_category,equipment_failure,Equipment Failure,Equipment Failure,4,,,,
STAFF_INCIDENT_REPORT__incident_category__other,STAFF_INCIDENT_REPORT__incident_category,other,Other,Other,5,,,,
STAFF_INCIDENT_REPORT__severity_level__low,STAFF_INCIDENT_REPORT__severity_level,low,Low,Low,1,,,,
STAFF_INCIDENT_REPORT__severity_level__medium,STAFF_INCIDENT_REPORT__severity_level,medium,Medium,Medium,2,,,,
STAFF_INCIDENT_REPORT__severity_level__high,STAFF_INCIDENT_REPORT__severity_level,high,High,High,3,,,,
STAFF_INCIDENT_REPORT__severity_level__critical,STAFF_INCIDENT_REPORT__severity_level,critical,Critical,Critical,4,,,,
MEDICATION_ADVERSE_EVENT_REPORT__reaction_type__rash,MEDICATION_ADVERSE_EVENT_REPORT__reaction_type,rash,Rash,Rash,1,,,,
MEDICATION_ADVERSE_EVENT_REPORT__reaction_type__anaphylaxis,MEDICATION_ADVERSE_EVENT_REPORT__reaction_type,anaphylaxis,Anaphylaxis,Anaphylaxis,2,,,,
MEDICATION_ADVERSE_EVENT_REPORT__reaction_type__nausea_vomiting,MEDICATION_ADVERSE_EVENT_REPORT__reaction_type,nausea_vomiting,Nausea/Vomiting,Nausea/Vomiting,3,,,,
MEDICATION_ADVERSE_EVENT_REPORT__reaction_type__dizziness,MEDICATION_ADVERSE_EVENT_REPORT__reaction_type,dizziness,Dizziness,Dizziness,4,,,,
MEDICATION_ADVERSE_EVENT_REPORT__reaction_type__other,MEDICATION_ADVERSE_EVENT_REPORT__reaction_type,other,Other,Other,5,,,,
MEDICATION_ADVERSE_EVENT_REPORT__seriousness__mild,MEDICATION_ADVERSE_EVENT_REPORT__seriousness,mild,Mild,Mild,1,,,,
MEDICATION_ADVERSE_EVENT_REPORT__seriousness__moderate,MEDICATION_ADVERSE_EVENT_REPORT__seriousness,moderate,Moderate,Moderate,2,,,,
MEDICATION_ADVERSE_EVENT_REPORT__seriousness__severe,MEDICATION_ADVERSE_EVENT_REPORT__seriousness,severe,Severe,Severe,3,,,,
MEDICATION_ADVERSE_EVENT_REPORT__seriousness__life_threatening,MEDICATION_ADVERSE_EVENT_REPORT__seriousness,life_threatening,Life-threatening,Life-threatening,4,,,,
MEDICATION_ADVERSE_EVENT_REPORT__outcome__recovered,MEDICATION_ADVERSE_EVENT_REPORT__outcome,recovered,Recovered,Recovered,1,,,,
MEDICATION_ADVERSE_EVENT_REPORT__outcome__recovering,MEDICATION_ADVERSE_EVENT_REPORT__outcome,recovering,Recovering,Recovering,2,,,,
MEDICATION_ADVERSE_EVENT_REPORT__outcome__not_recovered,MEDICATION_ADVERSE_EVENT_REPORT__outcome,not_recovered,Not Recovered,Not Recovered,3,,,,
MEDICATION_ADVERSE_EVENT_REPORT__outcome__fatal,MEDICATION_ADVERSE_EVENT_REPORT__outcome,fatal,Fatal,Fatal,4,,,,
MEDICATION_ADVERSE_EVENT_REPORT__medication_stopped__yes,MEDICATION_ADVERSE_EVENT_REPORT__medication_stopped,yes,Yes,Yes,1,,,,
MEDICATION_ADVERSE_EVENT_REPORT__medication_stopped__no,MEDICATION_ADVERSE_EVENT_REPORT__medication_stopped,no,No,No,2,,,,
MEDICATION_ADVERSE_EVENT_REPORT__medication_stopped__dose_reduced,MEDICATION_ADVERSE_EVENT_REPORT__medication_stopped,dose_reduced,Dose Reduced,Dose Reduced,3,,,,
MEDICATION_ADVERSE_EVENT_REPORT__medication_stopped__unknown,MEDICATION_ADVERSE_EVENT_REPORT__medication_stopped,unknown,Unknown,Unknown,4,,,,
REFERRAL_REQUEST__current_department__emergency,REFERRAL_REQUEST__current_department,emergency,Emergency,Emergency,1,,,,
REFERRAL_REQUEST__current_department__outpatient,REFERRAL_REQUEST__current_department,outpatient,Outpatient,Outpatient,2,,,,
REFERRAL_REQUEST__current_department__pediatrics,REFERRAL_REQUEST__current_department,pediatrics,Pediatrics,Pediatrics,3,,,,
REFERRAL_REQUEST__current_department__obstetrics_and_gynecology,REFERRAL_REQUEST__current_department,obstetrics_and_gynecology,Obstetrics and Gynecology,Obstetrics and Gynecology,4,,,,
REFERRAL_REQUEST__current_department__internal_medicine,REFERRAL_REQUEST__current_department,internal_medicine,Internal Medicine,Internal Medicine,5,,,,
REFERRAL_REQUEST__current_department__surgery,REFERRAL_REQUEST__current_department,surgery,Surgery,Surgery,6,,,,
REFERRAL_REQUEST__current_department__cardiology,REFERRAL_REQUEST__current_department,cardiology,Cardiology,Cardiology,7,,,,
REFERRAL_REQUEST__current_department__orthopedics,REFERRAL_REQUEST__current_department,orthopedics,Orthopedics,Orthopedics,8,,,,
REFERRAL_REQUEST__referral_destination__emergency,REFERRAL_REQUEST__referral_destination,emergency,Emergency,Emergency,1,,,,
REFERRAL_REQUEST__referral_destination__outpatient,REFERRAL_REQUEST__referral_destination,outpatient,Outpatient,Outpatient,2,,,,
REFERRAL_REQUEST__referral_destination__pediatrics,REFERRAL_REQUEST__referral_destination,pediatrics,Pediatrics,Pediatrics,3,,,,
REFERRAL_REQUEST__referral_destination__obstetrics_and_gynecology,REFERRAL_REQUEST__referral_destination,obstetrics_and_gynecology,Obstetrics and Gynecology,Obstetrics and Gynecology,4,,,,
REFERRAL_REQUEST__referral_destination__internal_medicine,REFERRAL_REQUEST__referral_destination,internal_medicine,Internal Medicine,Internal Medicine,5,,,,
REFERRAL_REQUEST__referral_destination__surgery,REFERRAL_REQUEST__referral_destination,surgery,Surgery,Surgery,6,,,,
REFERRAL_REQUEST__referral_destination__cardiology,REFERRAL_REQUEST__referral_destination,cardiology,Cardiology,Cardiology,7,,,,
REFERRAL_REQUEST__referral_destination__orthopedics,REFERRAL_REQUEST__referral_destination,orthopedics,Orthopedics,Orthopedics,8,,,,
REFERRAL_REQUEST__urgency__routine,REFERRAL_REQUEST__urgency,routine,Routine,Routine,1,,,,
REFERRAL_REQUEST__urgency__urgent,REFERRAL_REQUEST__urgency,urgent,Urgent,Urgent,2,,,,
REFERRAL_REQUEST__urgency__emergency,REFERRAL_REQUEST__urgency,emergency,Emergency,Emergency,3,,,,
REFERRAL_REQUEST__urgency__immediate,REFERRAL_REQUEST__urgency,immediate,Immediate,Immediate,4,,,,
MEDICAL_CERTIFICATE_REQUEST__certificate_type__fitness_to_work,MEDICAL_CERTIFICATE_REQUEST__certificate_type,fitness_to_work,Fitness to Work,Fitness to Work,1,,,,
MEDICAL_CERTIFICATE_REQUEST__certificate_type__sick_leave,MEDICAL_CERTIFICATE_REQUEST__certificate_type,sick_leave,Sick Leave,Sick Leave,2,,,,
MEDICAL_CERTIFICATE_REQUEST__certificate_type__school_fitness,MEDICAL_CERTIFICATE_REQUEST__certificate_type,school_fitness,School Fitness,School Fitness,3,,,,
MEDICAL_CERTIFICATE_REQUEST__certificate_type__travel_fitness,MEDICAL_CERTIFICATE_REQUEST__certificate_type,travel_fitness,Travel Fitness,Travel Fitness,4,,,,
MEDICAL_CERTIFICATE_REQUEST__reason_for_request__employment,MEDICAL_CERTIFICATE_REQUEST__reason_for_request,employment,Employment,Employment,1,,,,
MEDICAL_CERTIFICATE_REQUEST__reason_for_request__school,MEDICAL_CERTIFICATE_REQUEST__reason_for_request,school,School,School,2,,,,
MEDICAL_CERTIFICATE_REQUEST__reason_for_request__travel,MEDICAL_CERTIFICATE_REQUEST__reason_for_request,travel,Travel,Travel,3,,,,
MEDICAL_CERTIFICATE_REQUEST__reason_for_request__insurance,MEDICAL_CERTIFICATE_REQUEST__reason_for_request,insurance,Insurance,Insurance,4,,,,
MEDICAL_CERTIFICATE_REQUEST__reason_for_request__legal,MEDICAL_CERTIFICATE_REQUEST__reason_for_request,legal,Legal,Legal,5,,,,
MEDICAL_CERTIFICATE_REQUEST__delivery_mode__email,MEDICAL_CERTIFICATE_REQUEST__delivery_mode,email,Email,Email,1,,,,
MEDICAL_CERTIFICATE_REQUEST__delivery_mode__pickup_at_records,MEDICAL_CERTIFICATE_REQUEST__delivery_mode,pickup_at_records,Pickup at Records,Pickup at Records,2,,,,
MEDICAL_CERTIFICATE_REQUEST__delivery_mode__courier,MEDICAL_CERTIFICATE_REQUEST__delivery_mode,courier,Courier,Courier,3,,,,
MEDICAL_CERTIFICATE_REQUEST__delivery_mode__patient_portal,MEDICAL_CERTIFICATE_REQUEST__delivery_mode,patient_portal,Patient Portal,Patient Portal,4,,,,
DISCHARGE_SUMMARY_QUERY__summary_section_needed__diagnosis,DISCHARGE_SUMMARY_QUERY__summary_section_needed,diagnosis,Diagnosis,Diagnosis,1,,,,
DISCHARGE_SUMMARY_QUERY__summary_section_needed__treatment_given,DISCHARGE_SUMMARY_QUERY__summary_section_needed,treatment_given,Treatment Given,Treatment Given,2,,,,
DISCHARGE_SUMMARY_QUERY__summary_section_needed__medications,DISCHARGE_SUMMARY_QUERY__summary_section_needed,medications,Medications,Medications,3,,,,
DISCHARGE_SUMMARY_QUERY__summary_section_needed__full_summary,DISCHARGE_SUMMARY_QUERY__summary_section_needed,full_summary,Full Summary,Full Summary,4,,,,
DISCHARGE_SUMMARY_QUERY__preferred_delivery_channel__sms,DISCHARGE_SUMMARY_QUERY__preferred_delivery_channel,sms,SMS,SMS,1,,,,
DISCHARGE_SUMMARY_QUERY__preferred_delivery_channel__email,DISCHARGE_SUMMARY_QUERY__preferred_delivery_channel,email,Email,Email,2,,,,
DISCHARGE_SUMMARY_QUERY__preferred_delivery_channel__patient_portal,DISCHARGE_SUMMARY_QUERY__preferred_delivery_channel,patient_portal,Patient Portal,Patient Portal,3,,,,
DISCHARGE_SUMMARY_QUERY__preferred_delivery_channel__records_desk,DISCHARGE_SUMMARY_QUERY__preferred_delivery_channel,records_desk,Records Desk,Records Desk,4,,,,
BED_AVAILABILITY_CHECK__ward_type__general_ward,BED_AVAILABILITY_CHECK__ward_type,general_ward,General Ward,General Ward,1,,,,
BED_AVAILABILITY_CHECK__ward_type__private_ward,BED_AVAILABILITY_CHECK__ward_type,private_ward,Private Ward,Private Ward,2,,,,
BED_AVAILABILITY_CHECK__ward_type__icu,BED_AVAILABILITY_CHECK__ward_type,icu,ICU,ICU,3,,,,
BED_AVAILABILITY_CHECK__ward_type__pediatrics_ward,BED_AVAILABILITY_CHECK__ward_type,pediatrics_ward,Pediatrics Ward,Pediatrics Ward,4,,,,
BED_AVAILABILITY_CHECK__ward_type__maternity_ward,BED_AVAILABILITY_CHECK__ward_type,maternity_ward,Maternity Ward,Maternity Ward,5,,,,
BED_AVAILABILITY_CHECK__department__emergency,BED_AVAILABILITY_CHECK__department,emergency,Emergency,Emergency,1,,,,
BED_AVAILABILITY_CHECK__department__outpatient,BED_AVAILABILITY_CHECK__department,outpatient,Outpatient,Outpatient,2,,,,
BED_AVAILABILITY_CHECK__department__pediatrics,BED_AVAILABILITY_CHECK__department,pediatrics,Pediatrics,Pediatrics,3,,,,
BED_AVAILABILITY_CHECK__department__obstetrics_and_gynecology,BED_AVAILABILITY_CHECK__department,obstetrics_and_gynecology,Obstetrics and Gynecology,Obstetrics and Gynecology,4,,,,
BED_AVAILABILITY_CHECK__department__internal_medicine,BED_AVAILABILITY_CHECK__department,internal_medicine,Internal Medicine,Internal Medicine,5,,,,
BED_AVAILABILITY_CHECK__department__surgery,BED_AVAILABILITY_CHECK__department,surgery,Surgery,Surgery,6,,,,
BED_AVAILABILITY_CHECK__department__cardiology,BED_AVAILABILITY_CHECK__department,cardiology,Cardiology,Cardiology,7,,,,
BED_AVAILABILITY_CHECK__department__orthopedics,BED_AVAILABILITY_CHECK__department,orthopedics,Orthopedics,Orthopedics,8,,,,
BED_AVAILABILITY_CHECK__gender_category__male,BED_AVAILABILITY_CHECK__gender_category,male,Male,Male,1,,,,
BED_AVAILABILITY_CHECK__gender_category__female,BED_AVAILABILITY_CHECK__gender_category,female,Female,Female,2,,,,
BED_AVAILABILITY_CHECK__gender_category__any,BED_AVAILABILITY_CHECK__gender_category,any,Any,Any,3,,,,
BED_AVAILABILITY_CHECK__gender_category__pediatric,BED_AVAILABILITY_CHECK__gender_category,pediatric,Pediatric,Pediatric,4,,,,
BED_AVAILABILITY_CHECK__urgency_level__routine,BED_AVAILABILITY_CHECK__urgency_level,routine,Routine,Routine,1,,,,
BED_AVAILABILITY_CHECK__urgency_level__urgent,BED_AVAILABILITY_CHECK__urgency_level,urgent,Urgent,Urgent,2,,,,
BED_AVAILABILITY_CHECK__urgency_level__emergency,BED_AVAILABILITY_CHECK__urgency_level,emergency,Emergency,Emergency,3,,,,
BED_AVAILABILITY_CHECK__urgency_level__critical,BED_AVAILABILITY_CHECK__urgency_level,critical,Critical,Critical,4,,,,
LAB_RESULT_QUERY__test_group__hematology,LAB_RESULT_QUERY__test_group,hematology,Hematology,Hematology,1,,,,
LAB_RESULT_QUERY__test_group__chemistry,LAB_RESULT_QUERY__test_group,chemistry,Chemistry,Chemistry,2,,,,
LAB_RESULT_QUERY__test_group__microbiology,LAB_RESULT_QUERY__test_group,microbiology,Microbiology,Microbiology,3,,,,
LAB_RESULT_QUERY__test_group__serology,LAB_RESULT_QUERY__test_group,serology,Serology,Serology,4,,,,
LAB_RESULT_QUERY__test_group__histopathology,LAB_RESULT_QUERY__test_group,histopathology,Histopathology,Histopathology,5,,,,
LAB_RESULT_QUERY__result_status__pending,LAB_RESULT_QUERY__result_status,pending,Pending,Pending,1,,,,
LAB_RESULT_QUERY__result_status__completed,LAB_RESULT_QUERY__result_status,completed,Completed,Completed,2,,,,
LAB_RESULT_QUERY__result_status__validated,LAB_RESULT_QUERY__result_status,validated,Validated,Validated,3,,,,
LAB_RESULT_QUERY__result_status__released,LAB_RESULT_QUERY__result_status,released,Released,Released,4,,,,
LAB_RESULT_QUERY__delivery_preference__sms_notification,LAB_RESULT_QUERY__delivery_preference,sms_notification,SMS Notification,SMS Notification,1,,,,
LAB_RESULT_QUERY__delivery_preference__email_pdf,LAB_RESULT_QUERY__delivery_preference,email_pdf,Email PDF,Email PDF,2,,,,
LAB_RESULT_QUERY__delivery_preference__patient_portal,LAB_RESULT_QUERY__delivery_preference,patient_portal,Patient Portal,Patient Portal,3,,,,
LAB_RESULT_QUERY__delivery_preference__print_at_lab,LAB_RESULT_QUERY__delivery_preference,print_at_lab,Print at Lab,Print at Lab,4,,,,
RADIOLOGY_ORDER_REQUEST__order_type__x_ray,RADIOLOGY_ORDER_REQUEST__order_type,x_ray,X-Ray,X-Ray,1,,,,
RADIOLOGY_ORDER_REQUEST__order_type__ct_scan,RADIOLOGY_ORDER_REQUEST__order_type,ct_scan,CT Scan,CT Scan,2,,,,
RADIOLOGY_ORDER_REQUEST__order_type__mri,RADIOLOGY_ORDER_REQUEST__order_type,mri,MRI,MRI,3,,,,
RADIOLOGY_ORDER_REQUEST__order_type__ultrasound,RADIOLOGY_ORDER_REQUEST__order_type,ultrasound,Ultrasound,Ultrasound,4,,,,
RADIOLOGY_ORDER_REQUEST__order_type__mammography,RADIOLOGY_ORDER_REQUEST__order_type,mammography,Mammography,Mammography,5,,,,
RADIOLOGY_ORDER_REQUEST__priority_level__routine,RADIOLOGY_ORDER_REQUEST__priority_level,routine,Routine,Routine,1,,,,
RADIOLOGY_ORDER_REQUEST__priority_level__urgent,RADIOLOGY_ORDER_REQUEST__priority_level,urgent,Urgent,Urgent,2,,,,
RADIOLOGY_ORDER_REQUEST__priority_level__stat,RADIOLOGY_ORDER_REQUEST__priority_level,stat,Stat,Stat,3,,,,
RADIOLOGY_ORDER_REQUEST__priority_level__critical,RADIOLOGY_ORDER_REQUEST__priority_level,critical,Critical,Critical,4,,,,
RADIOLOGY_ORDER_REQUEST__body_region__head_neck,RADIOLOGY_ORDER_REQUEST__body_region,head_neck,Head/Neck,Head/Neck,1,,,,
RADIOLOGY_ORDER_REQUEST__body_region__chest,RADIOLOGY_ORDER_REQUEST__body_region,chest,Chest,Chest,2,,,,
RADIOLOGY_ORDER_REQUEST__body_region__abdomen_pelvis,RADIOLOGY_ORDER_REQUEST__body_region,abdomen_pelvis,Abdomen/Pelvis,Abdomen/Pelvis,3,,,,
RADIOLOGY_ORDER_REQUEST__body_region__spine,RADIOLOGY_ORDER_REQUEST__body_region,spine,Spine,Spine,4,,,,
RADIOLOGY_ORDER_REQUEST__body_region__extremities,RADIOLOGY_ORDER_REQUEST__body_region,extremities,Extremities,Extremities,5,,,,
RADIOLOGY_ORDER_REQUEST__contrast_required__yes,RADIOLOGY_ORDER_REQUEST__contrast_required,yes,Yes,Yes,1,,,,
RADIOLOGY_ORDER_REQUEST__contrast_required__no,RADIOLOGY_ORDER_REQUEST__contrast_required,no,No,No,2,,,,
RADIOLOGY_ORDER_REQUEST__contrast_required__maybe,RADIOLOGY_ORDER_REQUEST__contrast_required,maybe,Maybe,Maybe,3,,,,
RADIOLOGY_ORDER_REQUEST__contrast_required__not_sure,RADIOLOGY_ORDER_REQUEST__contrast_required,not_sure,Not Sure,Not Sure,4,,,,
INSURANCE_ELIGIBILITY_CHECK__coverage_type__inpatient,INSURANCE_ELIGIBILITY_CHECK__coverage_type,inpatient,Inpatient,Inpatient,1,,,,
INSURANCE_ELIGIBILITY_CHECK__coverage_type__outpatient,INSURANCE_ELIGIBILITY_CHECK__coverage_type,outpatient,Outpatient,Outpatient,2,,,,
INSURANCE_ELIGIBILITY_CHECK__coverage_type__maternity,INSURANCE_ELIGIBILITY_CHECK__coverage_type,maternity,Maternity,Maternity,3,,,,
INSURANCE_ELIGIBILITY_CHECK__coverage_type__comprehensive,INSURANCE_ELIGIBILITY_CHECK__coverage_type,comprehensive,Comprehensive,Comprehensive,4,,,,
INSURANCE_ELIGIBILITY_CHECK__service_department__emergency,INSURANCE_ELIGIBILITY_CHECK__service_department,emergency,Emergency,Emergency,1,,,,
INSURANCE_ELIGIBILITY_CHECK__service_department__outpatient,INSURANCE_ELIGIBILITY_CHECK__service_department,outpatient,Outpatient,Outpatient,2,,,,
INSURANCE_ELIGIBILITY_CHECK__service_department__pediatrics,INSURANCE_ELIGIBILITY_CHECK__service_department,pediatrics,Pediatrics,Pediatrics,3,,,,
INSURANCE_ELIGIBILITY_CHECK__service_department__obstetrics_and_gynecology,INSURANCE_ELIGIBILITY_CHECK__service_department,obstetrics_and_gynecology,Obstetrics and Gynecology,Obstetrics and Gynecology,4,,,,
INSURANCE_ELIGIBILITY_CHECK__service_department__internal_medicine,INSURANCE_ELIGIBILITY_CHECK__service_department,internal_medicine,Internal Medicine,Internal Medicine,5,,,,
INSURANCE_ELIGIBILITY_CHECK__service_department__surgery,INSURANCE_ELIGIBILITY_CHECK__service_department,surgery,Surgery,Surgery,6,,,,
INSURANCE_ELIGIBILITY_CHECK__service_department__cardiology,INSURANCE_ELIGIBILITY_CHECK__service_department,cardiology,Cardiology,Cardiology,7,,,,
INSURANCE_ELIGIBILITY_CHECK__service_department__orthopedics,INSURANCE_ELIGIBILITY_CHECK__service_department,orthopedics,Orthopedics,Orthopedics,8,,,,
