referenceCode,questionnaireReferenceCode,attribute,text,description,questionType,renderMode,processMode,index,isRequired,isActive,hasLink,tags,previousQuestionReferenceCode,nextQuestionReferenceCode,childQuestionnaireReferenceCode,aiConfig,validationRules,metadata
INSURANCE_SERVICE_PREAUTHORIZATION__patient_number,INSURANCE_SERVICE_PREAUTHORIZATION,patient_number,Patient number,,text,input,none,1,true,true,false,[],,INSURANCE_SERVICE_PREAUTHORIZATION__insurance_provider_name,,,[],
INSURANCE_SERVICE_PREAUTHORIZATION__insurance_provider_name,INSURANCE_SERVICE_PREAUTHORIZATION,insurance_provider_name,Insurance provider name,,text,input,none,2,true,true,false,[],INSURANCE_SERVICE_PREAUTHORIZATION__patient_number,INSURANCE_SERVICE_PREAUTHORIZATION__insurance_member_id,,,[],
INSURANCE_SERVICE_PREAUTHORIZATION__insurance_member_id,INSURANCE_SERVICE_PREAUTHORIZATION,insurance_member_id,Insurance member ID,,text,input,none,3,true,true,false,[],INSURANCE_SERVICE_PREAUTHORIZATION__insurance_provider_name,INSURANCE_SERVICE_PREAUTHORIZATION__requested_hospital_department,,,[],
INSURANCE_SERVICE_PREAUTHORIZATION__requested_hospital_department,INSURANCE_SERVICE_PREAUTHORIZATION,requested_hospital_department,Requested hospital department,,single_choice,dropdown,option_processed,4,true,true,false,[],INSURANCE_SERVICE_PREAUTHORIZATION__insurance_member_id,INSURANCE_SERVICE_PREAUTHORIZATION__diagnosis_or_disease_being_treated,,,[],
INSURANCE_SERVICE_PREAUTHORIZATION__diagnosis_or_disease_being_treated,INSURANCE_SERVICE_PREAUTHORIZATION,diagnosis_or_disease_being_treated,Diagnosis or disease being treated,,single_choice,dropdown,option_processed,5,true,true,false,[],INSURANCE_SERVICE_PREAUTHORIZATION__requested_hospital_department,INSURANCE_SERVICE_PREAUTHORIZATION__service_type_requested,,,[],
INSURANCE_SERVICE_PREAUTHORIZATION__service_type_requested,INSURANCE_SERVICE_PREAUTHORIZATION,service_type_requested,Service type requested,,single_choice,dropdown,option_processed,6,true,true,false,[],INSURANCE_SERVICE_PREAUTHORIZATION__diagnosis_or_disease_being_treated,INSURANCE_SERVICE_PREAUTHORIZATION__expected_date_of_service,,,[],
INSURANCE_SERVICE_PREAUTHORIZATION__expected_date_of_service,INSURANCE_SERVICE_PREAUTHORIZATION,expected_date_of_service,Expected date of service,,date,input,none,7,true,true,false,[],INSURANCE_SERVICE_PREAUTHORIZATION__service_type_requested,INSURANCE_SERVICE_PREAUTHORIZATION__treating_physician_name,,,[],
INSURANCE_SERVICE_PREAUTHORIZATION__treating_physician_name,INSURANCE_SERVICE_PREAUTHORIZATION,treating_physician_name,Treating physician name,,text,input,none,8,true,true,false,[],INSURANCE_SERVICE_PREAUTHORIZATION__expected_date_of_service,,,,[],
WEEKLY_DISEASE_SURVEILLANCE_REPORT__field_officer_name,WEEKLY_DISEASE_SURVEILLANCE_REPORT,field_officer_name,Field officer name,,text,input,none,1,true,true,false,[],,WEEKLY_DISEASE_SURVEILLANCE_REPORT__field_officer_phone,,,[],
WEEKLY_DISEASE_SURVEILLANCE_REPORT__field_officer_phone,WEEKLY_DISEASE_SURVEILLANCE_REPORT,field_officer_phone,Field officer phone,,text,input,none,2,true,true,false,[],WEEKLY_DISEASE_SURVEILLANCE_REPORT__field_officer_name,WEEKLY_DISEASE_SURVEILLANCE_REPORT__state_in_nigeria,,,[],
WEEKLY_DISEASE_SURVEILLANCE_REPORT__state_in_nigeria,WEEKLY_DISEASE_SURVEILLANCE_REPORT,state_in_nigeria,State in Nigeria,,single_choice,dropdown,option_processed,3,true,true,false,[],WEEKLY_DISEASE_SURVEILLANCE_REPORT__field_officer_phone,WEEKLY_DISEASE_SURVEILLANCE_REPORT__local_government_area,,,[],
WEEKLY_DISEASE_SURVEILLANCE_REPORT__local_government_area,WEEKLY_DISEASE_SURVEILLANCE_REPORT,local_government_area,Local government area,,text,input,none,4,true,true,false,[],WEEKLY_DISEASE_SURVEILLANCE_REPORT__state_in_nigeria,WEEKLY_DISEASE_SURVEILLANCE_REPORT__disease_name,,,[],
WEEKLY_DISEASE_SURVEILLANCE_REPORT__disease_name,WEEKLY_DISEASE_SURVEILLANCE_REPORT,disease_name,Disease name,,single_choice,dropdown,option_processed,5,true,true,false,[],WEEKLY_DISEASE_SURVEILLANCE_REPORT__local_government_area,WEEKLY_DISEASE_SURVEILLANCE_REPORT__number_of_suspected_cases,,,[],
WEEKLY_DISEASE_SURVEILLANCE_REPORT__number_of_suspected_cases,WEEKLY_DISEASE_SURVEILLANCE_REPORT,number_of_suspected_cases,Number of suspected cases,,number,input,none,6,true,true,false,[],WEEKLY_DISEASE_SURVEILLANCE_REPORT__disease_name,WEEKLY_DISEASE_SURVEILLANCE_REPORT__number_of_confirmed_cases,,,[],
WEEKLY_DISEASE_SURVEILLANCE_REPORT__number_of_confirmed_cases,WEEKLY_DISEASE_SURVEILLANCE_REPORT,number_of_confirmed_cases,Number of confirmed cases,,number,input,none,7,true,true,false,[],WEEKLY_DISEASE_SURVEILLANCE_REPORT__number_of_suspected_cases,WEEKLY_DISEASE_SURVEILLANCE_REPORT__number_of_deaths,,,[],
WEEKLY_DISEASE_SURVEILLANCE_REPORT__number_of_deaths,WEEKLY_DISEASE_SURVEILLANCE_REPORT,number_of_deaths,Number of deaths,,number,input,none,8,true,true,false,[],WEEKLY_DISEASE_SURVEILLANCE_REPORT__number_of_confirmed_cases,WEEKLY_DISEASE_SURVEILLANCE_REPORT__date_of_report,,,[],
WEEKLY_DISEASE_SURVEILLANCE_REPORT__date_of_report,WEEKLY_DISEASE_SURVEILLANCE_REPORT,date_of_report,Date of report,,date,input,none,9,true,true,false,[],WEEKLY_DISEASE_SURVEILLANCE_REPORT__number_of_deaths,,,,[],
PATIENT_REGISTRATION__first_name,PATIENT_REGISTRATION,first_name,First name,,text,input,none,1,true,true,false,[],,PATIENT_REGISTRATION__last_name,,,[],
PATIENT_REGISTRATION__last_name,PATIENT_REGISTRATION,last_name,Last name,,text,input,none,2,true,true,false,[],PATIENT_REGISTRATION__first_name,PATIENT_REGISTRATION__gender,,,[],
PATIENT_REGISTRATION__gender,PATIENT_REGISTRATION,gender,Gender,,single_choice,radio,option_processed,3,true,true,false,[],PATIENT_REGISTRATION__last_name,PATIENT_REGISTRATION__date_of_birth,,,[],
PATIENT_REGISTRATION__date_of_birth,PATIENT_REGISTRATION,date_of_birth,Date of birth,,date,input,none,4,true,true,false,[],PATIENT_REGISTRATION__gender,PATIENT_REGISTRATION__phone_number,,,[],
PATIENT_REGISTRATION__phone_number,PATIENT_REGISTRATION,phone_number,Phone number,,text,input,none,5,true,true,false,[],PATIENT_REGISTRATION__date_of_birth,PATIENT_REGISTRATION__email,,,[],
PATIENT_REGISTRATION__email,PATIENT_REGISTRATION,email,Email,,text,input,none,6,false,true,false,[],PATIENT_REGISTRATION__phone_number,PATIENT_REGISTRATION__state_of_origin,,,[],
PATIENT_REGISTRATION__state_of_origin,PATIENT_REGISTRATION,state_of_origin,State of origin,,single_choice,dropdown,option_processed,7,true,true,false,[],PATIENT_REGISTRATION__email,PATIENT_REGISTRATION__current_residence_state,,,[],
PATIENT_REGISTRATION__current_residence_state,PATIENT_REGISTRATION,current_residence_state,Current residence state,,single_choice,dropdown,option_processed,8,true,true,false,[],PATIENT_REGISTRATION__state_of_origin,PATIENT_REGISTRATION__address,,,[],
PATIENT_REGISTRATION__address,PATIENT_REGISTRATION,address,Address,,text,input,none,9,true,true,false,[],PATIENT_REGISTRATION__current_residence_state,,,,[],
PATIENT_CLOCK_IN__patient_number,PATIENT_CLOCK_IN,patient_number,Patient number,,text,input,none,1,true,true,false,[],,PATIENT_CLOCK_IN__check_in_channel,,,[],
PATIENT_CLOCK_IN__check_in_channel,PATIENT_CLOCK_IN,check_in_channel,Check-in channel,,single_choice,dropdown,option_processed,2,true,true,false,[],PATIENT_CLOCK_IN__patient_number,PATIENT_CLOCK_IN__visit_type,,,[],
PATIENT_CLOCK_IN__visit_type,PATIENT_CLOCK_IN,visit_type,Visit type,,single_choice,dropdown,option_processed,3,true,true,false,[],PATIENT_CLOCK_IN__check_in_channel,PATIENT_CLOCK_IN__department_to_visit,,,[],
PATIENT_CLOCK_IN__department_to_visit,PATIENT_CLOCK_IN,department_to_visit,Department to visit,,single_choice,dropdown,option_processed,4,true,true,false,[],PATIENT_CLOCK_IN__visit_type,PATIENT_CLOCK_IN__pain_score_0_10,,,[],
PATIENT_CLOCK_IN__pain_score_0_10,PATIENT_CLOCK_IN,pain_score_0_10,Pain score (0-10),,number,input,none,5,false,true,false,[],PATIENT_CLOCK_IN__department_to_visit,PATIENT_CLOCK_IN__primary_complaint,,,[],
PATIENT_CLOCK_IN__primary_complaint,PATIENT_CLOCK_IN,primary_complaint,Primary complaint,,text,input,none,6,true,true,false,[],PATIENT_CLOCK_IN__pain_score_0_10,,,,[],
APPOINTMENT_SCHEDULING__patient_number,APPOINTMENT_SCHEDULING,patient_number,Patient number,,text,input,none,1,true,true,false,[],,APPOINTMENT_SCHEDULING__department,,,[],
APPOINTMENT_SCHEDULING__department,APPOINTMENT_SCHEDULING,department,Department,,single_choice,dropdown,option_processed,2,true,true,false,[],APPOINTMENT_SCHEDULING__patient_number,APPOINTMENT_SCHEDULING__reason_for_appointment,,,[],
APPOINTMENT_SCHEDULING__reason_for_appointment,APPOINTMENT_SCHEDULING,reason_for_appointment,Reason for appointment,,text,input,none,3,true,true,false,[],APPOINTMENT_SCHEDULING__department,APPOINTMENT_SCHEDULING__preferred_doctor,,,[],
APPOINTMENT_SCHEDULING__preferred_doctor,APPOINTMENT_SCHEDULING,preferred_doctor,Preferred doctor,,text,input,none,4,false,true,false,[],APPOINTMENT_SCHEDULING__reason_for_appointment,APPOINTMENT_SCHEDULING__preferred_date,,,[],
APPOINTMENT_SCHEDULING__preferred_date,APPOINTMENT_SCHEDULING,preferred_date,Preferred date,,date,input,none,5,true,true,false,[],APPOINTMENT_SCHEDULING__preferred_doctor,APPOINTMENT_SCHEDULING__preferred_time,,,[],
APPOINTMENT_SCHEDULING__preferred_time,APPOINTMENT_SCHEDULING,preferred_time,Preferred time,,single_choice,dropdown,option_processed,6,true,true,false,[],APPOINTMENT_SCHEDULING__preferred_date,APPOINTMENT_SCHEDULING__payment_reference_or_insurance_number,,,[],
APPOINTMENT_SCHEDULING__payment_reference_or_insurance_number,APPOINTMENT_SCHEDULING,payment_reference_or_insurance_number,Payment reference or insurance number,,text,input,none,7,true,true,false,[],APPOINTMENT_SCHEDULING__preferred_time,,,,[],
ANALYTICS_REPORT_REQUEST__report_category,ANALYTICS_REPORT_REQUEST,report_category,Report category,,single_choice,dropdown,option_processed,1,true,true,false,[],,ANALYTICS_REPORT_REQUEST__report_period,,,[],
ANALYTICS_REPORT_REQUEST__report_period,ANALYTICS_REPORT_REQUEST,report_period,Report period,,single_choice,dropdown,option_processed,2,true,true,false,[],ANALYTICS_REPORT_REQUEST__report_category,ANALYTICS_REPORT_REQUEST__start_date,,,[],
ANALYTICS_REPORT_REQUEST__start_date,ANALYTICS_REPORT_REQUEST,start_date,Start date,,date,input,none,3,true,true,false,[],ANALYTICS_REPORT_REQUEST__report_period,ANALYTICS_REPORT_REQUEST__end_date,,,[],
ANALYTICS_REPORT_REQUEST__end_date,ANALYTICS_REPORT_REQUEST,end_date,End date,,date,input,none,4,true,true,false,[],ANALYTICS_REPORT_REQUEST__start_date,ANALYTICS_REPORT_REQUEST__output_format,,,[],
ANALYTICS_REPORT_REQUEST__output_format,ANALYTICS_REPORT_REQUEST,output_format,Output format,,single_choice,dropdown,option_processed,5,true,true,false,[],ANALYTICS_REPORT_REQUEST__end_date,ANALYTICS_REPORT_REQUEST__recipient_email,,,[],
ANALYTICS_REPORT_REQUEST__recipient_email,ANALYTICS_REPORT_REQUEST,recipient_email,Recipient email,,text,input,none,6,true,true,false,[],ANALYTICS_REPORT_REQUEST__output_format,,,,[],
CLINICAL_ORDER_CREATION__personnel_initiating_order,CLINICAL_ORDER_CREATION,personnel_initiating_order,Personnel initiating order,,text,input,none,1,true,true,false,[],,CLINICAL_ORDER_CREATION__order_type,,,[],
CLINICAL_ORDER_CREATION__order_type,CLINICAL_ORDER_CREATION,order_type,Order type,,single_choice,dropdown,option_processed,2,true,true,false,[],CLINICAL_ORDER_CREATION__personnel_initiating_order,CLINICAL_ORDER_CREATION__order_details,,,[],
CLINICAL_ORDER_CREATION__order_details,CLINICAL_ORDER_CREATION,order_details,Order details,,text,input,none,3,true,true,false,[],CLINICAL_ORDER_CREATION__order_type,CLINICAL_ORDER_CREATION__patient_number,,,[],
CLINICAL_ORDER_CREATION__patient_number,CLINICAL_ORDER_CREATION,patient_number,Patient number,,text,input,none,4,true,true,false,[],CLINICAL_ORDER_CREATION__order_details,CLINICAL_ORDER_CREATION__priority_level,,,[],
CLINICAL_ORDER_CREATION__priority_level,CLINICAL_ORDER_CREATION,priority_level,Priority level,,single_choice,radio,option_processed,5,true,true,false,[],CLINICAL_ORDER_CREATION__patient_number,CLINICAL_ORDER_CREATION__requested_department,,,[],
CLINICAL_ORDER_CREATION__requested_department,CLINICAL_ORDER_CREATION,requested_department,Requested department,,single_choice,dropdown,option_processed,6,true,true,false,[],CLINICAL_ORDER_CREATION__priority_level,CLINICAL_ORDER_CREATION__requested_execution_date,,,[],
CLINICAL_ORDER_CREATION__requested_execution_date,CLINICAL_ORDER_CREATION,requested_execution_date,Requested execution date,,date,input,none,7,true,true,false,[],CLINICAL_ORDER_CREATION__requested_department,,,,[],
ORDER_PAYMENT__order_number,ORDER_PAYMENT,order_number,Order number,,text,input,none,1,true,true,false,[],,ORDER_PAYMENT__patient_number,,,[],
ORDER_PAYMENT__patient_number,ORDER_PAYMENT,patient_number,Patient number,,text,input,none,2,true,true,false,[],ORDER_PAYMENT__order_number,ORDER_PAYMENT__amount_payable,,,[],
ORDER_PAYMENT__amount_payable,ORDER_PAYMENT,amount_payable,Amount payable,,number,input,none,3,true,true,false,[],ORDER_PAYMENT__patient_number,ORDER_PAYMENT__payment_type,,,[],
ORDER_PAYMENT__payment_type,ORDER_PAYMENT,payment_type,Payment type,,single_choice,radio,option_processed,4,true,true,false,[],ORDER_PAYMENT__amount_payable,ORDER_PAYMENT__transaction_reference,,,[],
ORDER_PAYMENT__transaction_reference,ORDER_PAYMENT,transaction_reference,Transaction reference,,text,input,none,5,true,true,false,[],ORDER_PAYMENT__payment_type,ORDER_PAYMENT__payment_date,,,[],
ORDER_PAYMENT__payment_date,ORDER_PAYMENT,payment_date,Payment date,,date,input,none,6,true,true,false,[],ORDER_PAYMENT__transaction_reference,,,,[],
GET_CURRENT_PRESCRIPTIONS__patient_number,GET_CURRENT_PRESCRIPTIONS,patient_number,Patient number,,text,input,none,1,true,true,false,[],,GET_CURRENT_PRESCRIPTIONS__prescription_status,,,[],
GET_CURRENT_PRESCRIPTIONS__prescription_status,GET_CURRENT_PRESCRIPTIONS,prescription_status,Prescription status,,single_choice,dropdown,option_processed,2,true,true,false,[],GET_CURRENT_PRESCRIPTIONS__patient_number,GET_CURRENT_PRESCRIPTIONS__medication_category,,,[],
GET_CURRENT_PRESCRIPTIONS__medication_category,GET_CURRENT_PRESCRIPTIONS,medication_category,Medication category,,single_choice,dropdown,option_processed,3,true,true,false,[],GET_CURRENT_PRESCRIPTIONS__prescription_status,GET_CURRENT_PRESCRIPTIONS__prescriptions_since_date,,,[],
GET_CURRENT_PRESCRIPTIONS__prescriptions_since_date,GET_CURRENT_PRESCRIPTIONS,prescriptions_since_date,Prescriptions since date,,date,input,none,4,false,true,false,[],GET_CURRENT_PRESCRIPTIONS__medication_category,GET_CURRENT_PRESCRIPTIONS__delivery_preference,,,[],
GET_CURRENT_PRESCRIPTIONS__delivery_preference,GET_CURRENT_PRESCRIPTIONS,delivery_preference,Delivery preference,,single_choice,dropdown,option_processed,5,true,true,false,[],GET_CURRENT_PRESCRIPTIONS__prescriptions_since_date,,,,[],
QUERY_LAST_APPOINTMENT_SUMMARY__patient_number,QUERY_LAST_APPOINTMENT_SUMMARY,patient_number,Patient number,,text,input,none,1,true,true,false,[],,QUERY_LAST_APPOINTMENT_SUMMARY__department_visited,,,[],
QUERY_LAST_APPOINTMENT_SUMMARY__department_visited,QUERY_LAST_APPOINTMENT_SUMMARY,department_visited,Department visited,,single_choice,dropdown,option_processed,2,true,true,false,[],QUERY_LAST_APPOINTMENT_SUMMARY__patient_number,QUERY_LAST_APPOINTMENT_SUMMARY__approximate_appointment_date,,,[],
QUERY_LAST_APPOINTMENT_SUMMARY__approximate_appointment_date,QUERY_LAST_APPOINTMENT_SUMMARY,approximate_appointment_date,Approximate appointment date,,date,input,none,3,false,true,false,[],QUERY_LAST_APPOINTMENT_SUMMARY__department_visited,QUERY_LAST_APPOINTMENT_SUMMARY__summary_scope,,,[],
QUERY_LAST_APPOINTMENT_SUMMARY__summary_scope,QUERY_LAST_APPOINTMENT_SUMMARY,summary_scope,Summary scope,,single_choice,dropdown,option_processed,4,true,true,false,[],QUERY_LAST_APPOINTMENT_SUMMARY__approximate_appointment_date,QUERY_LAST_APPOINTMENT_SUMMARY__delivery_channel,,,[],
QUERY_LAST_APPOINTMENT_SUMMARY__delivery_channel,QUERY_LAST_APPOINTMENT_SUMMARY,delivery_channel,Delivery channel,,single_choice,dropdown,option_processed,5,true,true,false,[],QUERY_LAST_APPOINTMENT_SUMMARY__summary_scope,,,,[],
PATIENT_FEEDBACK_SURVEY__patient_number,PATIENT_FEEDBACK_SURVEY,patient_number,Patient number,,text,input,none,1,false,true,false,[],,PATIENT_FEEDBACK_SURVEY__department_visited,,,[],
PATIENT_FEEDBACK_SURVEY__department_visited,PATIENT_FEEDBACK_SURVEY,department_visited,Department visited,,single_choice,dropdown,option_processed,2,true,true,false,[],PATIENT_FEEDBACK_SURVEY__patient_number,PATIENT_FEEDBACK_SURVEY__how_would_you_rate_waiting_time,,,[],
PATIENT_FEEDBACK_SURVEY__how_would_you_rate_waiting_time,PATIENT_FEEDBACK_SURVEY,how_would_you_rate_waiting_time,How would you rate waiting time?,,single_choice,radio,option_processed,3,true,true,false,[],PATIENT_FEEDBACK_SURVEY__department_visited,PATIENT_FEEDBACK_SURVEY__how_would_you_rate_staff_attitude,,,[],
PATIENT_FEEDBACK_SURVEY__how_would_you_rate_staff_attitude,PATIENT_FEEDBACK_SURVEY,how_would_you_rate_staff_attitude,How would you rate staff attitude?,,single_choice,radio,option_processed,4,true,true,false,[],PATIENT_FEEDBACK_SURVEY__how_would_you_rate_waiting_time,PATIENT_FEEDBACK_SURVEY__how_would_you_rate_facility_cleanliness,,,[],
PATIENT_FEEDBACK_SURVEY__how_would_you_rate_facility_cleanliness,PATIENT_FEEDBACK_SURVEY,how_would_you_rate_facility_cleanliness,How would you rate facility cleanliness?,,single_choice,radio,option_processed,5,true,true,false,[],PATIENT_FEEDBACK_SURVEY__how_would_you_rate_staff_attitude,PATIENT_FEEDBACK_SURVEY__would_you_recommend_this_hospital,,,[],
PATIENT_FEEDBACK_SURVEY__would_you_recommend_this_hospital,PATIENT_FEEDBACK_SURVEY,would_you_recommend_this_hospital,Would you recommend this hospital?,,single_choice,dropdown,option_processed,6,true,true,false,[],PATIENT_FEEDBACK_SURVEY__how_would_you_rate_facility_cleanliness,PATIENT_FEEDBACK_SURVEY__additional_comments,,,[],
PATIENT_FEEDBACK_SURVEY__additional_comments,PATIENT_FEEDBACK_SURVEY,additional_comments,Additional comments,,text,input,none,7,false,true,false,[],PATIENT_FEEDBACK_SURVEY__would_you_recommend_this_hospital,,,,[],
STAFF_INCIDENT_REPORT__reporting_staff_name,STAFF_INCIDENT_REPORT,reporting_staff_name,Reporting staff name,,text,input,none,1,true,true,false,[],,STAFF_INCIDENT_REPORT__department,,,[],
STAFF_INCIDENT_REPORT__department,STAFF_INCIDENT_REPORT,department,Department,,single_choice,dropdown,option_processed,2,true,true,false,[],STAFF_INCIDENT_REPORT__reporting_staff_name,STAFF_INCIDENT_REPORT__incident_category,,,[],
STAFF_INCIDENT_REPORT__incident_category,STAFF_INCIDENT_REPORT,incident_category,Incident category,,single_choice,dropdown,option_processed,3,true,true,false,[],STAFF_INCIDENT_REPORT__department,STAFF_INCIDENT_REPORT__incident_date,,,[],
STAFF_INCIDENT_REPORT__incident_date,STAFF_INCIDENT_REPORT,incident_date,Incident date,,date,input,none,4,true,true,false,[],STAFF_INCIDENT_REPORT__incident_category,STAFF_INCIDENT_REPORT__incident_location,,,[],
STAFF_INCIDENT_REPORT__incident_location,STAFF_INCIDENT_REPORT,incident_location,Incident location,,text,input,none,5,true,true,false,[],STAFF_INCIDENT_REPORT__incident_date,STAFF_INCIDENT_REPORT__severity_level,,,[],
STAFF_INCIDENT_REPORT__severity_level,STAFF_INCIDENT_REPORT,severity_level,Severity level,,single_choice,radio,option_processed,6,true,true,false,[],STAFF_INCIDENT_REPORT__incident_location,STAFF_INCIDENT_REPORT__persons_involved,,,[],
STAFF_INCIDENT_REPORT__persons_involved,STAFF_INCIDENT_REPORT,persons_involved,Persons involved,,text,input,none,7,true,true,false,[],STAFF_INCIDENT_REPORT__severity_level,STAFF_INCIDENT_REPORT__immediate_action_taken,,,[],
STAFF_INCIDENT_REPORT__immediate_action_taken,STAFF_INCIDENT_REPORT,immediate_action_taken,Immediate action taken,,text,input,none,8,true,true,false,[],STAFF_INCIDENT_REPORT__persons_involved,,,,[],
MEDICATION_ADVERSE_EVENT_REPORT__reporter_name,MEDICATION_ADVERSE_EVENT_REPORT,reporter_name,Reporter name,,text,input,none,1,true,true,false,[],,MEDICATION_ADVERSE_EVENT_REPORT__patient_number,,,[],
MEDICATION_ADVERSE_EVENT_REPORT__patient_number,MEDICATION_ADVERSE_EVENT_REPORT,patient_number,Patient number,,text,input,none,2,true,true,false,[],MEDICATION_ADVERSE_EVENT_REPORT__reporter_name,MEDICATION_ADVERSE_EVENT_REPORT__suspected_medication,,,[],
MEDICATION_ADVERSE_EVENT_REPORT__suspected_medication,MEDICATION_ADVERSE_EVENT_REPORT,suspected_medication,Suspected medication,,text,input,none,3,true,true,false,[],MEDICATION_ADVERSE_EVENT_REPORT__patient_number,MEDICATION_ADVERSE_EVENT_REPORT__reaction_type,,,[],
MEDICATION_ADVERSE_EVENT_REPORT__reaction_type,MEDICATION_ADVERSE_EVENT_REPORT,reaction_type,Reaction type,,single_choice,dropdown,option_processed,4,true,true,false,[],MEDICATION_ADVERSE_EVENT_REPORT__suspected_medication,MEDICATION_ADVERSE_EVENT_REPORT__seriousness,,,[],
MEDICATION_ADVERSE_EVENT_REPORT__seriousness,MEDICATION_ADVERSE_EVENT_REPORT,seriousness,Seriousness,,single_choice,radio,option_processed,5,true,true,false,[],MEDICATION_ADVERSE_EVENT_REPORT__reaction_type,MEDICATION_ADVERSE_EVENT_REPORT__date_reaction_started,,,[],
MEDICATION_ADVERSE_EVENT_REPORT__date_reaction_started,MEDICATION_ADVERSE_EVENT_REPORT,date_reaction_started,Date reaction started,,date,input,none,6,true,true,false,[],MEDICATION_ADVERSE_EVENT_REPORT__seriousness,MEDICATION_ADVERSE_EVENT_REPORT__outcome,,,[],
MEDICATION_ADVERSE_EVENT_REPORT__outcome,MEDICATION_ADVERSE_EVENT_REPORT,outcome,Outcome,,single_choice,dropdown,option_processed,7,true,true,false,[],MEDICATION_ADVERSE_EVENT_REPORT__date_reaction_started,MEDICATION_ADVERSE_EVENT_REPORT__medication_stopped,,,[],
MEDICATION_ADVERSE_EVENT_REPORT__medication_stopped,MEDICATION_ADVERSE_EVENT_REPORT,medication_stopped,Medication stopped?,,single_choice,dropdown,option_processed,8,true,true,false,[],MEDICATION_ADVERSE_EVENT_REPORT__outcome,MEDICATION_ADVERSE_EVENT_REPORT__clinical_notes,,,[],
MEDICATION_ADVERSE_EVENT_REPORT__clinical_notes,MEDICATION_ADVERSE_EVENT_REPORT,clinical_notes,Clinical notes,,text,input,none,9,false,true,false,[],MEDICATION_ADVERSE_EVENT_REPORT__medication_stopped,,,,[],
REFERRAL_REQUEST__patient_number,REFERRAL_REQUEST,patient_number,Patient number,,text,input,none,1,true,true,false,[],,REFERRAL_REQUEST__current_department,,,[],
REFERRAL_REQUEST__current_department,REFERRAL_REQUEST,current_department,Current department,,single_choice,dropdown,option_processed,2,true,true,false,[],REFERRAL_REQUEST__patient_number,REFERRAL_REQUEST__referral_destination,,,[],
REFERRAL_REQUEST__referral_destination,REFERRAL_REQUEST,referral_destination,Referral destination,,single_choice,dropdown,option_processed,3,true,true,false,[],REFERRAL_REQUEST__current_department,REFERRAL_REQUEST__reason_for_referral,,,[],
REFERRAL_REQUEST__reason_for_referral,REFERRAL_REQUEST,reason_for_referral,Reason for referral,,text,input,none,4,true,true,false,[],REFERRAL_REQUEST__referral_destination,REFERRAL_REQUEST__urgency,,,[],
REFERRAL_REQUEST__urgency,REFERRAL_REQUEST,urgency,Urgency,,single_choice,radio,option_processed,5,true,true,false,[],REFERRAL_REQUEST__reason_for_referral,REFERRAL_REQUEST__referring_clinician,,,[],
REFERRAL_REQUEST__referring_clinician,REFERRAL_REQUEST,referring_clinician,Referring clinician,,text,input,none,6,true,true,false,[],REFERRAL_REQUEST__urgency,REFERRAL_REQUEST__supporting_notes,,,[],
REFERRAL_REQUEST__supporting_notes,REFERRAL_REQUEST,supporting_notes,Supporting notes,,text,input,none,7,false,true,false,[],REFERRAL_REQUEST__referring_clinician,,,,[],
MEDICAL_CERTIFICATE_REQUEST__patient_number,MEDICAL_CERTIFICATE_REQUEST,patient_number,Patient number,,text,input,none,1,true,true,false,[],,MEDICAL_CERTIFICATE_REQUEST__certificate_type,,,[],
MEDICAL_CERTIFICATE_REQUEST__certificate_type,MEDICAL_CERTIFICATE_REQUEST,certificate_type,Certificate type,,single_choice,dropdown,option_processed,2,true,true,false,[],MEDICAL_CERTIFICATE_REQUEST__patient_number,MEDICAL_CERTIFICATE_REQUEST__reason_for_request,,,[],
MEDICAL_CERTIFICATE_REQUEST__reason_for_request,MEDICAL_CERTIFICATE_REQUEST,reason_for_request,Reason for request,,single_choice,dropdown,option_processed,3,true,true,false,[],MEDICAL_CERTIFICATE_REQUEST__certificate_type,MEDICAL_CERTIFICATE_REQUEST__certificate_start_date,,,[],
MEDICAL_CERTIFICATE_REQUEST__certificate_start_date,MEDICAL_CERTIFICATE_REQUEST,certificate_start_date,Certificate start date,,date,input,none,4,true,true,false,[],MEDICAL_CERTIFICATE_REQUEST__reason_for_request,MEDICAL_CERTIFICATE_REQUEST__certificate_end_date,,,[],
MEDICAL_CERTIFICATE_REQUEST__certificate_end_date,MEDICAL_CERTIFICATE_REQUEST,certificate_end_date,Certificate end date,,date,input,none,5,false,true,false,[],MEDICAL_CERTIFICATE_REQUEST__certificate_start_date,MEDICAL_CERTIFICATE_REQUEST__delivery_mode,,,[],
MEDICAL_CERTIFICATE_REQUEST__delivery_mode,MEDICAL_CERTIFICATE_REQUEST,delivery_mode,Delivery mode,,single_choice,dropdown,option_processed,6,true,true,false,[],MEDICAL_CERTIFICATE_REQUEST__certificate_end_date,,,,[],
DISCHARGE_SUMMARY_QUERY__patient_number,DISCHARGE_SUMMARY_QUERY,patient_number,Patient number,,text,input,none,1,true,true,false,[],,DISCHARGE_SUMMARY_QUERY__admission_number,,,[],
DISCHARGE_SUMMARY_QUERY__admission_number,DISCHARGE_SUMMARY_QUERY,admission_number,Admission number,,text,input,none,2,true,true,false,[],DISCHARGE_SUMMARY_QUERY__patient_number,DISCHARGE_SUMMARY_QUERY__discharge_date,,,[],
DISCHARGE_SUMMARY_QUERY__discharge_date,DISCHARGE_SUMMARY_QUERY,discharge_date,Discharge date,,date,input,none,3,false,true,false,[],DISCHARGE_SUMMARY_QUERY__admission_number,DISCHARGE_SUMMARY_QUERY__summary_section_needed,,,[],
DISCHARGE_SUMMARY_QUERY__summary_section_needed,DISCHARGE_SUMMARY_QUERY,summary_section_needed,Summary section needed,,single_choice,dropdown,option_processed,4,true,true,false,[],DISCHARGE_SUMMARY_QUERY__discharge_date,DISCHARGE_SUMMARY_QUERY__preferred_delivery_channel,,,[],
DISCHARGE_SUMMARY_QUERY__preferred_delivery_channel,DISCHARGE_SUMMARY_QUERY,preferred_delivery_channel,Preferred delivery channel,,single_choice,dropdown,option_processed,5,true,true,false,[],DISCHARGE_SUMMARY_QUERY__summary_section_needed,,,,[],
BED_AVAILABILITY_CHECK__ward_type,BED_AVAILABILITY_CHECK,ward_type,Ward type,,single_choice,dropdown,option_processed,1,true,true,false,[],,BED_AVAILABILITY_CHECK__department,,,[],
BED_AVAILABILITY_CHECK__department,BED_AVAILABILITY_CHECK,department,Department,,single_choice,dropdown,option_processed,2,true,true,false,[],BED_AVAILABILITY_CHECK__ward_type,BED_AVAILABILITY_CHECK__gender_category,,,[],
BED_AVAILABILITY_CHECK__gender_category,BED_AVAILABILITY_CHECK,gender_category,Gender category,,single_choice,dropdown,option_processed,3,true,true,false,[],BED_AVAILABILITY_CHECK__department,BED_AVAILABILITY_CHECK__urgency_level,,,[],
BED_AVAILABILITY_CHECK__urgency_level,BED_AVAILABILITY_CHECK,urgency_level,Urgency level,,single_choice,radio,option_processed,4,true,true,false,[],BED_AVAILABILITY_CHECK__gender_category,BED_AVAILABILITY_CHECK__expected_admission_date,,,[],
BED_AVAILABILITY_CHECK__expected_admission_date,BED_AVAILABILITY_CHECK,expected_admission_date,Expected admission date,,date,input,none,5,true,true,false,[],BED_AVAILABILITY_CHECK__urgency_level,BED_AVAILABILITY_CHECK__contact_person_phone,,,[],
BED_AVAILABILITY_CHECK__contact_person_phone,BED_AVAILABILITY_CHECK,contact_person_phone,Contact person phone,,text,input,none,6,true,true,false,[],BED_AVAILABILITY_CHECK__expected_admission_date,,,,[],
LAB_RESULT_QUERY__patient_number,LAB_RESULT_QUERY,patient_number,Patient number,,text,input,none,1,true,true,false,[],,LAB_RESULT_QUERY__lab_order_number,,,[],
LAB_RESULT_QUERY__lab_order_number,LAB_RESULT_QUERY,lab_order_number,Lab order number,,text,input,none,2,true,true,false,[],LAB_RESULT_QUERY__patient_number,LAB_RESULT_QUERY__test_group,,,[],
LAB_RESULT_QUERY__test_group,LAB_RESULT_QUERY,test_group,Test group,,single_choice,dropdown,option_processed,3,true,true,false,[],LAB_RESULT_QUERY__lab_order_number,LAB_RESULT_QUERY__sample_collection_date,,,[],
LAB_RESULT_QUERY__sample_collection_date,LAB_RESULT_QUERY,sample_collection_date,Sample collection date,,date,input,none,4,false,true,false,[],LAB_RESULT_QUERY__test_group,LAB_RESULT_QUERY__result_status,,,[],
LAB_RESULT_QUERY__result_status,LAB_RESULT_QUERY,result_status,Result status,,single_choice,dropdown,option_processed,5,true,true,false,[],LAB_RESULT_QUERY__sample_collection_date,LAB_RESULT_QUERY__delivery_preference,,,[],
LAB_RESULT_QUERY__delivery_preference,LAB_RESULT_QUERY,delivery_preference,Delivery preference,,single_choice,dropdown,option_processed,6,true,true,false,[],LAB_RESULT_QUERY__result_status,,,,[],
RADIOLOGY_ORDER_REQUEST__personnel_initiating_order,RADIOLOGY_ORDER_REQUEST,personnel_initiating_order,Personnel initiating order,,text,input,none,1,true,true,false,[],,RADIOLOGY_ORDER_REQUEST__order_type,,,[],
RADIOLOGY_ORDER_REQUEST__order_type,RADIOLOGY_ORDER_REQUEST,order_type,Order type,,single_choice,dropdown,option_processed,2,true,true,false,[],RADIOLOGY_ORDER_REQUEST__personnel_initiating_order,RADIOLOGY_ORDER_REQUEST__order_details,,,[],
RADIOLOGY_ORDER_REQUEST__order_details,RADIOLOGY_ORDER_REQUEST,order_details,Order details,,text,input,none,3,true,true,false,[],RADIOLOGY_ORDER_REQUEST__order_type,RADIOLOGY_ORDER_REQUEST__patient_number,,,[],
RADIOLOGY_ORDER_REQUEST__patient_number,RADIOLOGY_ORDER_REQUEST,patient_number,Patient number,,text,input,none,4,true,true,false,[],RADIOLOGY_ORDER_REQUEST__order_details,RADIOLOGY_ORDER_REQUEST__priority_level,,,[],
RADIOLOGY_ORDER_REQUEST__priority_level,RADIOLOGY_ORDER_REQUEST,priority_level,Priority level,,single_choice,radio,option_processed,5,true,true,false,[],RADIOLOGY_ORDER_REQUEST__patient_number,RADIOLOGY_ORDER_REQUEST__body_region,,,[],
RADIOLOGY_ORDER_REQUEST__body_region,RADIOLOGY_ORDER_REQUEST,body_region,Body region,,single_choice,dropdown,option_processed,6,true,true,false,[],RADIOLOGY_ORDER_REQUEST__priority_level,RADIOLOGY_ORDER_REQUEST__contrast_required,,,[],
RADIOLOGY_ORDER_REQUEST__contrast_required,RADIOLOGY_ORDER_REQUEST,contrast_required,Contrast required?,,single_choice,dropdown,option_processed,7,true,true,false,[],RADIOLOGY_ORDER_REQUEST__body_region,,,,[],
INSURANCE_ELIGIBILITY_CHECK__patient_number,INSURANCE_ELIGIBILITY_CHECK,patient_number,Patient number,,text,input,none,1,true,true,false,[],,INSURANCE_ELIGIBILITY_CHECK__insurance_provider,,,[],
INSURANCE_ELIGIBILITY_CHECK__insurance_provider,INSURANCE_ELIGIBILITY_CHECK,insurance_provider,Insurance provider,,text,input,none,2,true,true,false,[],INSURANCE_ELIGIBILITY_CHECK__patient_number,INSURANCE_ELIGIBILITY_CHECK__insurance_member_id,,,[],
INSURANCE_ELIGIBILITY_CHECK__insurance_member_id,INSURANCE_ELIGIBILITY_CHECK,insurance_member_id,Insurance member ID,,text,input,none,3,true,true,false,[],INSURANCE_ELIGIBILITY_CHECK__insurance_provider,INSURANCE_ELIGIBILITY_CHECK__coverage_type,,,[],
INSURANCE_ELIGIBILITY_CHECK__coverage_type,INSURANCE_ELIGIBILITY_CHECK,coverage_type,Coverage type,,single_choice,dropdown,option_processed,4,true,true,false,[],INSURANCE_ELIGIBILITY_CHECK__insurance_member_id,INSURANCE_ELIGIBILITY_CHECK__service_department,,,[],
INSURANCE_ELIGIBILITY_CHECK__service_department,INSURANCE_ELIGIBILITY_CHECK,service_department,Service department,,single_choice,dropdown,option_processed,5,true,true,false,[],INSURANCE_ELIGIBILITY_CHECK__coverage_type,INSURANCE_ELIGIBILITY_CHECK__planned_service_date,,,[],
INSURANCE_ELIGIBILITY_CHECK__planned_service_date,INSURANCE_ELIGIBILITY_CHECK,planned_service_date,Planned service date,,date,input,none,6,true,true,false,[],INSURANCE_ELIGIBILITY_CHECK__service_department,,,,[],
